model_id,link_type,material-only,material-age-diameter,material-age-velocity
link_0001,pipe,G0,G0,G0
link_0002,pipe,G0,G0,G0
link_0003,pipe,G0,G1,G1
link_0004,pipe,G0,G2,G2
link_0005,pipe,G0,G3,G3
link_0006,pipe,G1,G4,G4
link_0007,pipe,G0,G2,G2
link_0008,pipe,G1,G4,G4
link_0009,pipe,G1,G5,G5
link_0010,pipe,G0,G1,G1
link_0011,pipe,G0,G1,G1
link_0012,pipe,G0,G1,G1
link_0013,pipe,G0,G1,G1
link_0014,pipe,G1,G5,G5
link_0015,pipe,G0,G1,G1
link_0016,pipe,G0,G1,G1
link_0017,pipe,G0,G0,G0
link_0018,pipe,G0,G0,G0
link_0019,pipe,G0,G1,G1
link_0020,pipe,G0,G1,G0
link_0021,pipe,G0,G1,G1
link_0022,pipe,G0,G0,G1
link_0023,pipe,G0,G0,G0
link_0024,pipe,G0,G0,G1
link_0025,pipe,G0,G1,G0
link_0026,pipe,G0,G0,G0
link_0027,pipe,G0,G0,G1
link_0028,pipe,G0,G1,G0
link_0029,pipe,G0,G0,G0
link_0030,pipe,G0,G2,G3
link_0031,pipe,G0,G1,G1
link_0032,pipe,G0,G1,G1
link_0033,pipe,G0,G1,G1
link_0034,pipe,G0,G1,G0
link_0035,pipe,G1,G4,G4
link_0036,pipe,G0,G1,G0
link_0037,pipe,G0,G1,G1
link_0038,pipe,G0,G1,G0
link_0039,pipe,G0,G1,G0
link_0040,pipe,G1,G4,G4
link_0041,pipe,G0,G3,G2
link_0042,pipe,G0,G2,G2
link_0043,pipe,G0,G1,G1
link_0044,pipe,G0,G3,G2
link_0045,pipe,G0,G1,G0
link_0046,pipe,G0,G1,G0
link_0047,pipe,G0,G0,G0
link_0048,pipe,G0,G0,G1
link_0049,pipe,G0,G0,G1
link_0050,pipe,G0,G0,G0
link_0051,pipe,G0,G1,G0
link_0052,pipe,G0,G0,G0
link_0053,pipe,G1,G4,G4
link_0054,pipe,G0,G1,G1
link_0055,pipe,G0,G0,G0
link_0056,pipe,G0,G0,G0
link_0057,pipe,G0,G1,G1
link_0058,pipe,G0,G1,G1
link_0059,pipe,G1,G4,G4
link_0060,pipe,G0,G0,G1
link_0061,pipe,G0,G1,G0
link_0062,pipe,G0,G0,G0
link_0063,pipe,G0,G0,G1
link_0064,pipe,G0,G1,G0
link_0065,pipe,G0,G0,G0
link_0066,pipe,G0,G1,G1
link_0067,pipe,G0,G0,G1
link_0068,pipe,G0,G0,G0
link_0069,pipe,G0,G0,G1
link_0070,pipe,G0,G0,G1
link_0071,pipe,G0,G2,G2
link_0072,pipe,G0,G0,G0
link_0073,pipe,G0,G2,G2
link_0074,pipe,G0,G2,G2
link_0075,pipe,G1,G5,G4
link_0076,pipe,G0,G0,G0
link_0077,pipe,G0,G0,G0
link_0078,pipe,G0,G0,G0
link_0079,pipe,G0,G0,G0
link_0080,pipe,G1,G4,G4
link_0081,pipe,G0,G0,G0
link_0082,pipe,G0,G0,G0
link_0083,pipe,G0,G0,G0
link_0084,pipe,G0,G0,G0
link_0085,pipe,G0,G0,G0
link_0086,pipe,G0,G0,G0
link_0087,pipe,G0,G1,G1
link_0088,pipe,G0,G1,G1
link_0089,pipe,G0,G0,G1
link_0090,pipe,G0,G1,G1
link_0091,pipe,G0,G0,G1
link_0092,pipe,G0,G1,G0
link_0093,pipe,G0,G0,G0
link_0094,pipe,G1,G5,G4
link_0095,pipe,G0,G3,G2
link_0096,pipe,G0,G1,G0
link_0097,pipe,G0,G2,G2
link_0098,pipe,G0,G0,G0
link_0099,pipe,G0,G0,G0
link_0100,pipe,G0,G0,G0
link_0101,pipe,G0,G1,G0
link_0102,pipe,G0,G0,G0
link_0103,pipe,G0,G0,G0
link_0104,pipe,G0,G0,G0
link_0105,pipe,G0,G0,G0
link_0106,pipe,G0,G0,G0
link_0107,pipe,G0,G2,G2
link_0108,pipe,G1,G4,G4
link_0109,pipe,G0,G2,G2
link_0110,pipe,G0,G1,G0
link_0111,pipe,G0,G1,G0
link_0112,pipe,G1,G4,G4
link_0113,pipe,G1,G5,G4
link_0114,pipe,G0,G0,G1
link_0115,pipe,G0,G0,G0
link_0116,pipe,G0,G0,G1
link_0117,pipe,G0,G1,G0
link_0118,pipe,G0,G0,G0
link_0119,pipe,G0,G2,G2
link_0120,pipe,G0,G2,G2
link_0121,pipe,G0,G2,G2
link_0122,pipe,G0,G0,G0
link_0123,pipe,G0,G1,G1
link_0124,pipe,G0,G0,G0
link_0125,pipe,G0,G0,G0
link_0126,pipe,G1,G4,G4
link_0127,pipe,G0,G1,G0
link_0128,pipe,G0,G0,G0
link_0129,pipe,G0,G1,G1
link_0130,pipe,G0,G1,G0
link_0131,pipe,G0,G1,G0
link_0132,pipe,G0,G1,G1
link_0133,pipe,G0,G1,G0
link_0134,pipe,G0,G1,G1
link_0135,pipe,G0,G0,G0
link_0136,pipe,G0,G0,G0
link_0137,pipe,G0,G1,G0
link_0138,pipe,G0,G1,G0
link_0139,pipe,G0,G1,G0
link_0140,pipe,G0,G0,G0
link_0141,pipe,G0,G0,G0
link_0142,pipe,G0,G0,G0
link_0143,pipe,G0,G0,G0
link_0144,pipe,G0,G0,G1
link_0145,pipe,G0,G0,G0
link_0146,pipe,G0,G0,G0
link_0147,pipe,G0,G0,G0
link_0148,pipe,G1,G5,G4
link_0149,pipe,G0,G0,G0
link_0150,pipe,G0,G2,G3
link_0151,pipe,G0,G1,G1
link_0152,pipe,G1,G4,G4
link_0153,pipe,G0,G1,G1
link_0154,pipe,G0,G1,G1
link_0155,pipe,G0,G1,G1
link_0156,pipe,G0,G2,G2
link_0157,pipe,G1,G4,G5
link_0158,pipe,G0,G0,G0
link_0159,pipe,G0,G1,G0
link_0160,pipe,G0,G1,G0
link_0161,pipe,G0,G1,G1
link_0162,pipe,G0,G1,G1
link_0163,pipe,G0,G1,G1
link_0164,pipe,G0,G1,G1
link_0165,pipe,G1,G5,G4
link_0166,pipe,G1,G5,G4
link_0167,pipe,G0,G1,G1
link_0168,pipe,G0,G1,G0
link_0169,pipe,G0,G1,G1
link_0170,pipe,G0,G1,G0
link_0171,pipe,G0,G1,G0
link_0172,pipe,G0,G1,G0
link_0173,pipe,G0,G1,G1
link_0174,pipe,G0,G1,G1
link_0175,pipe,G0,G1,G0
link_0176,pipe,G0,G0,G1
link_0177,pipe,G1,G5,G5
link_0178,pipe,G0,G1,G1
link_0179,pipe,G0,G0,G0
link_0180,pipe,G0,G1,G1
link_0181,pipe,G0,G1,G1
link_0182,pipe,G1,G4,G5
link_0183,pipe,G1,G4,G5
link_0184,pipe,G1,G4,G4
link_0185,pipe,G1,G5,G4
link_0186,pipe,G1,G4,G4
link_0187,pipe,G0,G1,G1
link_0188,pipe,G0,G2,G2
link_0189,pipe,G0,G0,G0
link_0190,pipe,G0,G0,G0
link_0191,pipe,G1,G4,G4
link_0192,pipe,G0,G0,G1
link_0193,pipe,G1,G4,G4
link_0194,pipe,G0,G1,G0
link_0195,pipe,G0,G1,G1
link_0196,pipe,G0,G1,G1
link_0197,pipe,G0,G1,G1
link_0198,pipe,G0,G1,G1
link_0199,pipe,G0,G0,G0
link_0200,pipe,G0,G1,G1
link_0201,pipe,G0,G1,G1
link_0202,pipe,G1,G4,G5
link_0203,pipe,G0,G1,G1
link_0204,pipe,G0,G1,G0
link_0205,pipe,G0,G1,G1
link_0206,pipe,G0,G1,G1
link_0207,pipe,G0,G1,G1
link_0208,pipe,G0,G1,G1
link_0209,pipe,G0,G0,G0
link_0210,pipe,G0,G1,G1
link_0211,pipe,G0,G1,G1
link_0212,pipe,G0,G0,G0
link_0213,pipe,G0,G1,G0
link_0214,pipe,G0,G1,G1
link_0215,pipe,G0,G0,G0
link_0216,pipe,G0,G0,G0
link_0217,pipe,G0,G1,G1
link_0218,pipe,G0,G1,G0
link_0219,pipe,G0,G3,G2
link_0220,pipe,G0,G1,G1
link_0221,pipe,G0,G0,G1
link_0222,pipe,G1,G5,G4
link_0223,pipe,G0,G1,G0
link_0224,pipe,G0,G1,G1
link_0225,pipe,G1,G4,G4
link_0226,pipe,G0,G3,G2
link_0227,pipe,G1,G4,G4
link_0228,pipe,G0,G1,G1
link_0229,pipe,G0,G1,G1
link_0230,pipe,G0,G0,G1
link_0231,pipe,G1,G5,G4
link_0232,pipe,G1,G5,G4
link_0233,pipe,G1,G5,G4
link_0234,pipe,G0,G1,G1
link_0235,pipe,G0,G3,G3
link_0236,pipe,G0,G1,G0
link_0237,pipe,G1,G4,G5
link_0238,pipe,G0,G0,G0
link_0239,pipe,G1,G5,G4
link_0240,pipe,G1,G4,G4
link_0241,pipe,G1,G5,G5
link_0242,pipe,G1,G5,G4
link_0243,pipe,G1,G5,G5
link_0244,pipe,G1,G4,G4
link_0245,pipe,G1,G4,G4
link_0246,pipe,G1,G4,G4
link_0247,pipe,G1,G4,G4
link_0248,pipe,G1,G4,G4
link_0249,pipe,G1,G4,G4
link_0250,pipe,G1,G5,G4
link_0251,pipe,G1,G4,G4
link_0252,pipe,G1,G4,G4
link_0253,pipe,G0,G3,G3
link_0254,pipe,G1,G4,G4
link_0255,pipe,G0,G0,G1
link_0256,pipe,G1,G4,G4
link_0257,pipe,G1,G4,G4
link_0258,pipe,G0,G1,G1
link_0259,pipe,G0,G3,G3
link_0260,pipe,G0,G3,G2
link_0261,pipe,G1,G5,G5
link_0262,pipe,G1,G4,G4
link_0263,pipe,G1,G4,G4
link_0264,pipe,G1,G4,G4
link_0265,pipe,G1,G4,G4
link_0266,pipe,G1,G4,G4
link_0267,pipe,G1,G4,G4
link_0268,pipe,G1,G4,G4
link_0269,pipe,G0,G2,G2
link_0270,pipe,G0,G0,G1
link_0271,pipe,G0,G2,G3
link_0272,pipe,G0,G1,G1
link_0273,pipe,G0,G1,G0
link_0274,pipe,G0,G0,G0
link_0275,pipe,G1,G4,G4
link_0276,pipe,G1,G5,G4
link_0277,pipe,G1,G5,G5
link_0278,pipe,G1,G4,G5
link_0279,pipe,G0,G1,G1
link_0280,pipe,G0,G1,G0
link_0281,pipe,G0,G1,G1
link_0282,pipe,G1,G5,G5
link_0283,pipe,G1,G4,G5
link_0284,pipe,G1,G4,G5
link_0285,pipe,G1,G4,G4
link_0286,pipe,G1,G4,G4
link_0287,pipe,G1,G4,G5
link_0288,pipe,G1,G4,G5
link_0289,pipe,G1,G5,G4
link_0290,pipe,G0,G1,G1
link_0291,pipe,G1,G4,G4
link_0292,pipe,G0,G2,G2
link_0293,pipe,G1,G5,G5
link_0294,pipe,G1,G4,G4
link_0295,pipe,G1,G4,G4
link_0296,pipe,G1,G5,G4
link_0297,pipe,G1,G4,G5
link_0298,pipe,G1,G4,G4
link_0299,pipe,G1,G4,G4
link_0300,pipe,G1,G4,G4
link_0301,pipe,G1,G4,G5
link_0302,pipe,G1,G4,G4
link_0303,pipe,G1,G5,G5
link_0304,pipe,G1,G4,G4
link_0305,pipe,G0,G1,G0
link_0306,pipe,G1,G5,G5
link_0307,pipe,G1,G5,G5
link_0308,pipe,G1,G4,G5
link_0309,pipe,G1,G5,G4
link_0310,pipe,G1,G5,G5
link_0311,pipe,G1,G5,G4
link_0312,pipe,G1,G4,G4
link_0313,pipe,G0,G0,G1
link_0314,pipe,G1,G5,G4
link_0315,pipe,G0,G1,G1
link_0316,pipe,G0,G0,G1
link_0317,pipe,G1,G4,G5
link_0318,pipe,G1,G4,G4
link_0319,pipe,G1,G4,G5
link_0320,pipe,G1,G4,G4
link_0321,pipe,G1,G4,G4
link_0322,pipe,G0,G2,G2
link_0323,pipe,G0,G0,G0
link_0324,pipe,G0,G0,G0
link_0325,pipe,G1,G5,G4
link_0326,pipe,G0,G1,G0
link_0327,pipe,G1,G4,G4
link_0328,pipe,G0,G3,G3
link_0329,pipe,G1,G4,G4
link_0330,pipe,G1,G4,G5
link_0331,pipe,G0,G0,G0
link_0332,pipe,G0,G1,G1
link_0333,pipe,G0,G3,G3
link_0334,pipe,G0,G3,G3
link_0335,pipe,G0,G3,G3
link_0336,pipe,G0,G0,G0
link_0337,pipe,G1,G4,G5
link_0338,pipe,G1,G4,G5
link_0339,pipe,G1,G4,G5
link_0340,pipe,G1,G4,G4
link_0341,pipe,G0,G0,G1
link_0342,pipe,G0,G3,G2
link_0343,pipe,G0,G0,G0
link_0344,pipe,G0,G0,G0
link_0345,pipe,G0,G1,G0
link_0346,pipe,G1,G4,G4
link_0347,pipe,G0,G3,G3
link_0348,pipe,G0,G3,G3
link_0349,pipe,G0,G3,G3
link_0350,pipe,G1,G5,G5
link_0351,pipe,G1,G5,G5
link_0352,pipe,G0,G3,G3
link_0353,pipe,G0,G2,G2
link_0354,pipe,G0,G2,G2
link_0355,pipe,G0,G2,G2
link_0356,pipe,G0,G2,G2
link_0357,pipe,G1,G4,G4
link_0358,pipe,G1,G5,G4
link_0359,pipe,G1,G5,G4
link_0360,pipe,G1,G5,G4
link_0361,pipe,G1,G4,G4
link_0362,pipe,G1,G5,G4
link_0363,pipe,G1,G4,G4
link_0364,pipe,G1,G4,G5
link_0365,pipe,G1,G4,G4
link_0366,pipe,G1,G4,G4
link_0367,pipe,G0,G1,G1
link_0368,pipe,G0,G1,G1
link_0369,pipe,G0,G3,G3
link_0370,pipe,G1,G5,G4
link_0371,pipe,G1,G5,G4
link_0372,pipe,G0,G3,G3
link_0373,pipe,G0,G1,G1
link_0374,pipe,G0,G1,G1
link_0375,pipe,G0,G3,G3
link_0376,pipe,G1,G5,G5
link_0377,pipe,G1,G5,G5
link_0378,pipe,G1,G5,G5
link_0379,pipe,G0,G3,G3
link_0380,pipe,G0,G1,G1
link_0381,pipe,G0,G3,G3
link_0382,pipe,G0,G3,G3
link_0383,pipe,G0,G2,G2
link_0384,pipe,G1,G4,G4
link_0385,pipe,G0,G1,G1
link_0386,pipe,G0,G1,G1
link_0387,pipe,G0,G1,G1
link_0388,pipe,G0,G1,G0
link_0389,pipe,G0,G1,G0
link_0390,pipe,G0,G1,G0
link_0391,pipe,G0,G1,G0
link_0392,pipe,G1,G5,G4
link_0393,pipe,G1,G4,G4
link_0394,pipe,G0,G1,G0
link_0395,pipe,G0,G0,G0
link_0396,pipe,G0,G0,G1
link_0397,pipe,G0,G0,G1
link_0398,pipe,G0,G2,G2
link_0399,pipe,G0,G2,G2
link_0400,pipe,G0,G2,G3
link_0401,pipe,G0,G2,G3
link_0402,pipe,G0,G1,G0
link_0403,pipe,G0,G1,G0
link_0404,pipe,G1,G4,G4
link_0405,pipe,G1,G4,G4
link_0406,pipe,G0,G2,G3
link_0407,pipe,G0,G2,G2
link_0408,pipe,G0,G1,G1
link_0409,pipe,G0,G1,G1
link_0410,pipe,G0,G1,G1
link_0411,pipe,G1,G5,G5
link_0412,pipe,G0,G0,G0
link_0413,pipe,G0,G0,G1
link_0414,pipe,G0,G0,G1
link_0415,pipe,G0,G0,G1
link_0416,pipe,G1,G5,G5
link_0417,pipe,G1,G5,G5
link_0418,pipe,G1,G5,G5
link_0419,pipe,G0,G1,G0
link_0420,pipe,G0,G1,G1
link_0421,pipe,G0,G1,G0
link_0422,pipe,G0,G1,G1
link_0423,pipe,G1,G4,G5
link_0424,pipe,G1,G4,G5
link_0425,pipe,G1,G4,G5
link_0426,pipe,G1,G4,G5
link_0427,pipe,G1,G4,G5
link_0428,pipe,G1,G4,G4
link_0429,pipe,G0,G1,G0
link_0430,pipe,G1,G4,G5
link_0431,pipe,G0,G2,G2
link_0432,pipe,G1,G4,G4
link_0433,pipe,G0,G1,G1
link_0434,pipe,G1,G5,G4
link_0435,pipe,G0,G1,G1
link_0436,pipe,G1,G4,G4
link_0437,pipe,G0,G1,G0
link_0438,pipe,G1,G4,G4
link_0439,pipe,G0,G2,G2
link_0440,pipe,G1,G4,G4
link_0441,pipe,G0,G0,G0
link_0442,pipe,G0,G0,G0
link_0443,pipe,G0,G0,G1
link_0444,pipe,G1,G4,G5
link_0445,pipe,G1,G4,G4
link_0446,pipe,G0,G1,G1
link_0447,pipe,G0,G1,G0
link_0448,pipe,G0,G1,G0
link_0449,pipe,G0,G0,G1
link_0450,pipe,G0,G0,G0
link_0451,pipe,G0,G1,G0
link_0452,pipe,G0,G1,G0
link_0453,pipe,G0,G0,G1
link_0454,pipe,G0,G0,G1
link_0455,pipe,G1,G5,G5
link_0456,pipe,G1,G5,G5
link_0457,pipe,G1,G5,G5
link_0458,pipe,G1,G5,G5
link_0459,pipe,G0,G1,G1
link_0460,pipe,G1,G4,G5
link_0461,pipe,G0,G2,G2
link_0462,pipe,G1,G5,G5
link_0463,pipe,G0,G1,G0
link_0464,pipe,G0,G1,G1
link_0465,pipe,G0,G3,G2
link_0466,pipe,G0,G3,G2
link_0467,pipe,G1,G4,G4
link_0468,pipe,G0,G2,G2
link_0469,pipe,G0,G2,G2
link_0470,pipe,G0,G2,G2
link_0471,pipe,G0,G2,G2
link_0472,pipe,G0,G3,G2
link_0473,pipe,G0,G3,G2
link_0474,pipe,G0,G3,G3
link_0475,pipe,G0,G3,G3
link_0476,pipe,G0,G3,G3
link_0477,pipe,G0,G3,G3
link_0478,pipe,G1,G5,G4
link_0479,pipe,G1,G5,G5
link_0480,pipe,G0,G1,G0
link_0481,pipe,G0,G1,G0
link_0482,pipe,G0,G1,G1
link_0483,pipe,G0,G1,G1
link_0484,pipe,G0,G1,G0
link_0485,pipe,G1,G4,G4
link_0486,pipe,G1,G4,G4
link_0487,pipe,G0,G1,G1
link_0488,pipe,G0,G1,G1
link_0489,pipe,G0,G1,G1
link_0490,pipe,G0,G1,G1
link_0491,pipe,G0,G1,G1
link_0492,pipe,G0,G1,G1
link_0493,pipe,G0,G1,G1
link_0494,pipe,G0,G2,G2
link_0495,pipe,G0,G2,G2
link_0496,pipe,G0,G2,G2
link_0497,pipe,G0,G2,G2
link_0498,pipe,G0,G2,G2
link_0499,pipe,G0,G2,G2
link_0500,pipe,G1,G4,G4
link_0501,pipe,G0,G3,G3
link_0502,pipe,G0,G3,G3
link_0503,pipe,G0,G3,G3
link_0504,pipe,G1,G4,G4
link_0505,pipe,G1,G4,G4
link_0506,pipe,G1,G4,G4
link_0507,pipe,G1,G4,G4
link_0508,pipe,G1,G4,G4
link_0509,pipe,G1,G4,G4
link_0510,pipe,G1,G4,G4
link_0511,pipe,G0,G2,G2
link_0512,pipe,G0,G2,G2
link_0513,pipe,G0,G2,G2
link_0514,pipe,G0,G1,G1
link_0515,pipe,G0,G1,G1
link_0516,pipe,G0,G1,G1
link_0517,pipe,G0,G1,G1
link_0518,pipe,G0,G1,G1
link_0519,pipe,G0,G1,G1
link_0520,pipe,G0,G1,G1
link_0521,pipe,G0,G2,G3
link_0522,pipe,G0,G1,G1
link_0523,pipe,G0,G1,G1
link_0524,pipe,G0,G1,G1
link_0525,pipe,G0,G1,G1
link_0526,pipe,G1,G5,G4
link_0527,pipe,G1,G5,G4
link_0528,pipe,G0,G1,G1
link_0529,pipe,G0,G3,G2
link_0530,pipe,G0,G1,G1
link_0531,pipe,G0,G1,G1
link_0532,pipe,G0,G1,G0
link_0533,pipe,G0,G1,G0
link_0534,pipe,G1,G4,G4
link_0535,pipe,G1,G4,G4
link_0536,pipe,G0,G1,G1
link_0537,pipe,G0,G1,G1
link_0538,pipe,G0,G0,G1
link_0539,pipe,G1,G5,G4
link_0540,pipe,G1,G5,G4
link_0541,pipe,G0,G1,G1
link_0542,pipe,G0,G1,G1
link_0543,pipe,G0,G1,G1
link_0544,pipe,G1,G5,G5
link_0545,pipe,G1,G5,G5
link_0546,pipe,G0,G1,G1
link_0547,pipe,G0,G2,G2
link_0548,pipe,G0,G3,G3
link_0549,pipe,G1,G5,G4
link_0550,pipe,G1,G5,G4
link_0551,pipe,G1,G5,G4
link_0552,pipe,G0,G3,G2
link_0553,pipe,G0,G3,G3
link_0554,pipe,G1,G5,G4
link_0555,pipe,G1,G5,G4
link_0556,pipe,G0,G3,G3
link_0557,pipe,G0,G1,G1
link_0558,pipe,G0,G1,G1
link_0559,pipe,G0,G2,G2
link_0560,pipe,G1,G4,G5
link_0561,pipe,G1,G4,G4
link_0562,pipe,G1,G5,G5
link_0563,pipe,G0,G1,G0
link_0564,pipe,G0,G1,G1
link_0565,pipe,G0,G1,G1
link_0566,pipe,G0,G1,G1
link_0567,pipe,G0,G1,G1
link_0568,pipe,G0,G1,G1
link_0569,pipe,G0,G0,G1
link_0570,pipe,G0,G0,G1
link_0571,pipe,G0,G0,G0
link_0572,pipe,G0,G0,G0
link_0573,pipe,G0,G0,G1
link_0574,pipe,G0,G0,G0
link_0575,pipe,G0,G1,G1
link_0576,pipe,G0,G1,G1
link_0577,pipe,G0,G1,G1
link_0578,pipe,G0,G1,G1
link_0579,pipe,G0,G1,G1
link_0580,pipe,G0,G1,G0
link_0581,pipe,G0,G3,G2
link_0582,pipe,G0,G2,G2
link_0583,pipe,G1,G4,G4
link_0584,pipe,G1,G4,G4
link_0585,pipe,G0,G3,G2
link_0586,pipe,G0,G3,G2
link_0587,pipe,G0,G3,G2
link_0588,pipe,G0,G2,G2
link_0589,pipe,G0,G2,G2
link_0590,pipe,G0,G2,G2
link_0591,pipe,G0,G2,G2
link_0592,pipe,G0,G2,G2
link_0593,pipe,G0,G3,G2
link_0594,pipe,G0,G2,G2
link_0595,pipe,G0,G2,G2
link_0596,pipe,G0,G3,G2
link_0597,pipe,G0,G3,G2
link_0598,pipe,G0,G3,G2
link_0599,pipe,G1,G4,G4
link_0600,pipe,G1,G4,G4
link_0601,pipe,G0,G2,G2
link_0602,pipe,G1,G4,G4
link_0603,pipe,G1,G4,G4
link_0604,pipe,G0,G2,G2
link_0605,pipe,G0,G1,G1
link_0606,pipe,G0,G2,G2
link_0607,pipe,G0,G3,G2
link_0608,pipe,G0,G2,G2
link_0609,pipe,G0,G2,G2
link_0610,pipe,G1,G4,G4
link_0611,pipe,G0,G0,G0
link_0612,pipe,G0,G1,G1
link_0613,pipe,G0,G1,G1
link_0614,pipe,G0,G1,G0
link_0615,pipe,G0,G1,G1
link_0616,pipe,G0,G1,G1
link_0617,pipe,G0,G1,G1
link_0618,pipe,G0,G1,G1
link_0619,pipe,G0,G1,G1
link_0620,pipe,G0,G1,G1
link_0621,pipe,G0,G1,G0
link_0622,pipe,G0,G1,G1
link_0623,pipe,G0,G1,G1
link_0624,pipe,G0,G0,G0
link_0625,pipe,G0,G1,G1
link_0626,pipe,G0,G3,G2
link_0627,pipe,G1,G5,G4
link_0628,pipe,G1,G5,G4
link_0629,pipe,G0,G1,G0
link_0630,pipe,G0,G1,G0
link_0631,pipe,G0,G1,G0
link_0632,pipe,G0,G1,G0
link_0633,pipe,G0,G1,G0
link_0634,pipe,G0,G1,G0
link_0635,pipe,G0,G1,G1
link_0636,pipe,G0,G3,G3
link_0637,pipe,G0,G3,G3
link_0638,pipe,G0,G3,G3
link_0639,pipe,G0,G3,G3
link_0640,pipe,G1,G5,G4
link_0641,pipe,G1,G5,G4
link_0642,pipe,G1,G5,G4
link_0643,pipe,G1,G5,G4
link_0644,pipe,G1,G5,G4
link_0645,pipe,G1,G5,G4
link_0646,pipe,G0,G3,G2
link_0647,pipe,G0,G3,G2
link_0648,pipe,G0,G3,G3
link_0649,pipe,G0,G3,G3
link_0650,pipe,G0,G3,G2
link_0651,pipe,G0,G3,G3
link_0652,pipe,G0,G3,G3
link_0653,pipe,G0,G3,G3
link_0654,pipe,G1,G5,G5
link_0655,pipe,G1,G5,G4
link_0656,pipe,G1,G5,G4
link_0657,pipe,G1,G5,G4
link_0658,pipe,G1,G5,G5
link_0659,pipe,G1,G5,G5
link_0660,pipe,G1,G5,G4
link_0661,pipe,G1,G5,G5
link_0662,pipe,G1,G5,G5
link_0663,pipe,G1,G5,G5
link_0664,pipe,G1,G5,G5
link_0665,pipe,G1,G5,G5
link_0666,pipe,G1,G5,G5
link_0667,pipe,G1,G5,G5
link_0668,pipe,G1,G5,G5
link_0669,pipe,G1,G5,G5
link_0670,pipe,G1,G5,G5
link_0671,pipe,G1,G4,G4
link_0672,pipe,G1,G5,G4
link_0673,pipe,G1,G4,G4
link_0674,pipe,G1,G4,G4
link_0675,pipe,G1,G5,G4
link_0676,pipe,G1,G5,G4
link_0677,pipe,G1,G4,G4
link_0678,pipe,G1,G4,G5
link_0679,pipe,G1,G4,G4
link_0680,pipe,G1,G5,G5
link_0681,pipe,G1,G5,G5
link_0682,pipe,G1,G5,G4
link_0683,pipe,G1,G4,G4
link_0684,pipe,G1,G4,G4
link_0685,pipe,G1,G4,G4
link_0686,pipe,G1,G4,G5
link_0687,pipe,G1,G4,G5
link_0688,pipe,G1,G5,G5
link_0689,pipe,G1,G5,G4
link_0690,pipe,G1,G5,G4
link_0691,pipe,G1,G5,G4
link_0692,pipe,G1,G5,G4
link_0693,pipe,G1,G4,G4
link_0694,pipe,G1,G4,G4
link_0695,pipe,G1,G4,G4
link_0696,pipe,G1,G4,G4
link_0697,pipe,G1,G5,G4
link_0698,pipe,G1,G4,G4
link_0699,pipe,G1,G5,G4
link_0700,pipe,G1,G4,G4
link_0701,pipe,G1,G4,G4
link_0702,pipe,G1,G4,G4
link_0703,pipe,G1,G4,G4
link_0704,pipe,G1,G4,G4
link_0705,pipe,G1,G4,G4
link_0706,pipe,G1,G4,G4
link_0707,pipe,G1,G4,G4
link_0708,pipe,G1,G4,G4
link_0709,pipe,G1,G5,G5
link_0710,pipe,G1,G5,G5
link_0711,pipe,G1,G5,G5
link_0712,pipe,G1,G5,G5
link_0713,pipe,G1,G4,G4
link_0714,pipe,G1,G5,G5
link_0715,pipe,G1,G4,G4
link_0716,pipe,G1,G4,G4
link_0717,pipe,G1,G4,G4
link_0718,pipe,G1,G4,G4
link_0719,pipe,G1,G4,G4
link_0720,pipe,G1,G5,G4
link_0721,pipe,G1,G4,G5
link_0722,pipe,G1,G4,G4
link_0723,pipe,G1,G4,G4
link_0724,pipe,G1,G4,G5
link_0725,pipe,G1,G4,G5
link_0726,pipe,G1,G4,G5
link_0727,pipe,G1,G5,G5
link_0728,pipe,G1,G5,G5
link_0729,pipe,G1,G5,G5
link_0730,pipe,G1,G5,G4
link_0731,pipe,G0,G3,G3
link_0732,pipe,G0,G3,G3
link_0733,pipe,G1,G5,G5
link_0734,pipe,G1,G5,G5
link_0735,pipe,G1,G5,G4
link_0736,pipe,G0,G3,G3
link_0737,pipe,G1,G5,G5
link_0738,pipe,G1,G5,G4
link_0739,pipe,G1,G5,G4
link_0740,pipe,G1,G4,G4
link_0741,pipe,G1,G4,G4
link_0742,pipe,G1,G5,G5
link_0743,pipe,G1,G5,G5
link_0744,pipe,G1,G4,G4
link_0745,pipe,G1,G4,G4
link_0746,pipe,G1,G4,G4
link_0747,pipe,G1,G4,G4
link_0748,pipe,G1,G4,G4
link_0749,pipe,G1,G5,G5
link_0750,pipe,G0,G2,G2
link_0751,pipe,G1,G4,G4
link_0752,pipe,G0,G0,G0
link_0753,pipe,G0,G1,G0
link_0754,pipe,G0,G1,G0
link_0755,pipe,G0,G1,G0
link_0756,pipe,G0,G1,G0
link_0757,pipe,G0,G0,G0
link_0758,pipe,G0,G2,G2
link_0759,pipe,G0,G1,G1
link_0760,pipe,G0,G1,G1
link_0761,pipe,G0,G0,G1
link_0762,pipe,G0,G0,G0
link_0763,pipe,G0,G0,G1
link_0764,pipe,G0,G2,G3
link_0765,pipe,G0,G1,G0
link_0766,pipe,G0,G0,G0
link_0767,pipe,G0,G0,G0
link_0768,pipe,G0,G0,G0
link_0769,pipe,G0,G0,G0
link_0770,pipe,G0,G2,G2
link_0771,pipe,G1,G4,G4
link_0772,pipe,G0,G1,G1
link_0773,pipe,G0,G0,G0
link_0774,pipe,G0,G1,G1
link_0775,pipe,G0,G1,G1
link_0776,pipe,G0,G1,G1
link_0777,pipe,G0,G1,G1
link_0778,pipe,G0,G2,G2
link_0779,pipe,G0,G2,G2
link_0780,pipe,G1,G4,G4
link_0781,pipe,G0,G1,G0
link_0782,pipe,G0,G2,G2
link_0783,pipe,G0,G0,G1
link_0784,pipe,G0,G0,G1
link_0785,pipe,G0,G1,G1
link_0786,pipe,G1,G5,G4
link_0787,pipe,G0,G0,G1
link_0788,pipe,G0,G0,G1
link_0789,pipe,G0,G1,G1
link_0790,pipe,G0,G1,G1
link_0791,pipe,G0,G0,G0
link_0792,pipe,G0,G0,G0
link_0793,pipe,G0,G1,G1
link_0794,pipe,G0,G1,G1
link_0795,pipe,G0,G1,G0
link_0796,pipe,G1,G5,G4
link_0797,pipe,G1,G4,G4
link_0798,pipe,G1,G4,G4
link_0799,pipe,G0,G1,G0
link_0800,pipe,G1,G4,G4
link_0801,pipe,G0,G1,G0
link_0802,pipe,G0,G1,G1
link_0803,pipe,G0,G1,G1
link_0804,pipe,G0,G1,G1
link_0805,pipe,G0,G1,G1
link_0806,pipe,G0,G1,G1
link_0807,pipe,G0,G1,G0
link_0808,pipe,G0,G1,G1
link_0809,pipe,G0,G2,G3
link_0810,pipe,G1,G5,G5
link_0811,pipe,G1,G5,G5
link_0812,pipe,G0,G1,G1
link_0813,pipe,G0,G1,G1
link_0814,pipe,G0,G1,G1
link_0815,pipe,G0,G1,G1
link_0816,pipe,G0,G1,G1
link_0817,pipe,G0,G1,G1
link_0818,pipe,G0,G1,G1
link_0819,pipe,G0,G1,G1
link_0820,pipe,G0,G1,G1
link_0821,pipe,G0,G1,G1
link_0822,pipe,G0,G2,G3
link_0823,pipe,G0,G1,G1
link_0824,pipe,G0,G0,G1
link_0825,pipe,G0,G1,G0
link_0826,pipe,G0,G1,G1
link_0827,pipe,G0,G1,G1
link_0828,pipe,G0,G1,G1
link_0829,pipe,G0,G1,G1
link_0830,pipe,G0,G1,G1
link_0831,pipe,G0,G0,G1
link_0832,pipe,G0,G0,G1
link_0833,pipe,G0,G0,G1
link_0834,pipe,G0,G0,G0
link_0835,pipe,G0,G0,G1
link_0836,pipe,G0,G1,G0
link_0837,pipe,G0,G1,G0
link_0838,pipe,G0,G1,G0
link_0839,pipe,G0,G1,G0
link_0840,pipe,G0,G1,G0
link_0841,pipe,G0,G1,G0
link_0842,pipe,G0,G1,G0
link_0843,pipe,G0,G1,G1
link_0844,pipe,G0,G1,G1
link_0845,pipe,G0,G1,G1
link_0846,pipe,G0,G1,G1
link_0847,pipe,G0,G0,G0
link_0848,pipe,G0,G1,G1
link_0849,pipe,G0,G0,G0
link_0850,pipe,G0,G0,G0
link_0851,pipe,G0,G1,G1
link_0852,pipe,G0,G1,G1
link_0853,pipe,G0,G0,G0
link_0854,pipe,G0,G0,G0
link_0855,pipe,G0,G0,G1
link_0856,pipe,G0,G0,G0
link_0857,pipe,G0,G0,G0
link_0858,pipe,G0,G1,G1
link_0859,pipe,G0,G0,G0
link_0860,pipe,G0,G0,G0
link_0861,pipe,G0,G0,G1
link_0862,pipe,G0,G1,G1
link_0863,pipe,G0,G0,G0
link_0864,pipe,G0,G0,G0
link_0865,pipe,G0,G0,G0
link_0866,pipe,G0,G1,G1
link_0867,pipe,G0,G1,G0
link_0868,pipe,G0,G1,G1
link_0869,pipe,G0,G1,G0
link_0870,pipe,G0,G1,G1
link_0871,pipe,G0,G1,G1
link_0872,pipe,G0,G1,G1
link_0873,pipe,G0,G1,G1
link_0874,pipe,G0,G1,G1
link_0875,pipe,G0,G1,G1
link_0876,pipe,G0,G1,G1
link_0877,pipe,G0,G1,G0
link_0878,pipe,G0,G1,G1
link_0879,pipe,G0,G1,G1
link_0880,pipe,G0,G1,G1
link_0881,pipe,G0,G1,G0
link_0882,pipe,G0,G1,G1
link_0883,pipe,G0,G1,G1
link_0884,pipe,G0,G1,G1
link_0885,pipe,G0,G1,G1
link_0886,pipe,G0,G1,G1
link_0887,pipe,G0,G1,G1
link_0888,pipe,G1,G4,G4
link_0889,pipe,G0,G0,G0
link_0890,pipe,G0,G0,G0
link_0891,pipe,G0,G0,G0
link_0892,pipe,G0,G1,G1
link_0893,pipe,G0,G1,G1
link_0894,pipe,G0,G1,G1
link_0895,pipe,G0,G1,G1
link_0896,pipe,G0,G1,G1
link_0897,pipe,G0,G1,G1
link_0898,pipe,G0,G1,G1
link_0899,pipe,G0,G1,G0
link_0900,pipe,G0,G1,G0
link_0901,pipe,G0,G2,G2
link_0902,pipe,G0,G2,G2
link_0903,pipe,G0,G2,G2
link_0904,pipe,G0,G2,G2
link_0905,pipe,G0,G0,G0
link_0906,pipe,G0,G0,G0
link_0907,pipe,G0,G0,G0
link_0908,pipe,G0,G0,G1
link_0909,pipe,G0,G0,G1
link_0910,pipe,G0,G0,G1
link_0911,pipe,G0,G0,G1
link_0912,pipe,G0,G0,G1
link_0913,pipe,G0,G0,G1
link_0914,pipe,G0,G0,G1
link_0915,pipe,G0,G0,G1
link_0916,pipe,G0,G0,G1
link_0917,pipe,G0,G0,G0
link_0918,pipe,G0,G1,G1
link_0919,pipe,G0,G1,G1
link_0920,pipe,G0,G1,G0
link_0921,pipe,G0,G0,G1
link_0922,pipe,G0,G0,G0
link_0923,pipe,G0,G0,G0
link_0924,pipe,G1,G4,G4
link_0925,pipe,G0,G0,G1
link_0926,pipe,G1,G5,G4
link_0927,pipe,G0,G0,G1
link_0928,pipe,G0,G0,G0
link_0929,pipe,G1,G4,G5
link_0930,pipe,G1,G4,G5
link_0931,pipe,G0,G0,G1
link_0932,pipe,G0,G0,G1
link_0933,pipe,G0,G0,G1
link_0934,pipe,G0,G0,G1
link_0935,pipe,G0,G0,G1
link_0936,pipe,G0,G0,G1
link_0937,pipe,G0,G0,G1
link_0938,pipe,G0,G0,G1
link_0939,pipe,G0,G0,G0
link_0940,pipe,G0,G0,G1
link_0941,pipe,G1,G4,G4
link_0942,pipe,G0,G0,G0
link_0943,pipe,G0,G0,G0
link_0944,pipe,G0,G0,G0
link_0945,pipe,G1,G4,G5
link_0946,pipe,G0,G0,G0
link_0947,pipe,G0,G1,G1
link_0948,pipe,G0,G0,G0
link_0949,pipe,G0,G0,G0
link_0950,pipe,G0,G1,G0
link_0951,pipe,G0,G1,G0
link_0952,pipe,G0,G1,G1
link_0953,pipe,G0,G1,G1
link_0954,pipe,G0,G1,G1
link_0955,pipe,G0,G1,G1
link_0956,pipe,G0,G1,G1
link_0957,pipe,G0,G1,G1
link_0958,pipe,G0,G1,G1
link_0959,pipe,G0,G1,G1
link_0960,pipe,G0,G1,G1
link_0961,pipe,G0,G0,G1
link_0962,pipe,G0,G0,G1
link_0963,pipe,G0,G0,G0
link_0964,pipe,G0,G0,G1
link_0965,pipe,G0,G0,G1
link_0966,pipe,G0,G0,G1
link_0967,pipe,G0,G0,G1
link_0968,pipe,G0,G0,G1
link_0969,pipe,G0,G1,G0
link_0970,pipe,G0,G1,G1
link_0971,pipe,G0,G1,G0
link_0972,pipe,G0,G1,G1
link_0973,pipe,G0,G0,G0
link_0974,pipe,G1,G4,G5
link_0975,pipe,G1,G4,G4
link_0976,pipe,G1,G4,G4
link_0977,pipe,G0,G0,G1
link_0978,pipe,G0,G1,G0
link_0979,pipe,G1,G4,G5
link_0980,pipe,G1,G4,G5
link_0981,pipe,G1,G4,G5
link_0982,pipe,G0,G0,G0
link_0983,pipe,G0,G1,G1
link_0984,pipe,G0,G2,G2
link_0985,pipe,G0,G1,G1
link_0986,pipe,G0,G1,G1
link_0987,pipe,G0,G0,G1
link_0988,pipe,G0,G0,G1
link_0989,pipe,G0,G1,G1
link_0990,pipe,G1,G4,G4
link_0991,pipe,G1,G4,G4
link_0992,pipe,G1,G4,G5
link_0993,pipe,G1,G4,G5
link_0994,pipe,G1,G4,G5
link_0995,pipe,G1,G4,G5
link_0996,pipe,G0,G0,G0
link_0997,pipe,G0,G2,G3
link_0998,pipe,G0,G0,G1
link_0999,pipe,G0,G1,G0
link_1000,pipe,G0,G1,G0
link_1001,pipe,G0,G1,G0
link_1002,pipe,G0,G1,G1
link_1003,pipe,G0,G1,G1
link_1004,pipe,G0,G1,G1
link_1005,pipe,G0,G0,G0
link_1006,pipe,G0,G1,G1
link_1007,pipe,G0,G1,G1
link_1008,pipe,G0,G1,G1
link_1009,pipe,G0,G1,G1
link_1010,pipe,G0,G2,G3
link_1011,pipe,G0,G2,G2
link_1012,pipe,G0,G0,G1
link_1013,pipe,G0,G0,G1
link_1014,pipe,G0,G0,G1
link_1015,pipe,G0,G0,G1
link_1016,pipe,G0,G1,G1
link_1017,pipe,G0,G1,G0
link_1018,pipe,G0,G0,G0
link_1019,pipe,G0,G0,G1
link_1020,pipe,G0,G0,G1
link_1021,pipe,G0,G0,G1
link_1022,pipe,G0,G0,G0
link_1023,pipe,G0,G1,G1
link_1024,pipe,G0,G2,G2
link_1025,pipe,G0,G1,G1
link_1026,pipe,G0,G1,G1
link_1027,pipe,G0,G1,G1
link_1028,pipe,G0,G1,G1
link_1029,pipe,G0,G1,G1
link_1030,pipe,G0,G1,G0
link_1031,pipe,G0,G1,G0
link_1032,pipe,G0,G1,G0
link_1033,pipe,G0,G1,G0
link_1034,pipe,G0,G0,G0
link_1035,pipe,G1,G4,G5
link_1036,pipe,G0,G0,G0
link_1037,pipe,G0,G0,G1
link_1038,pipe,G0,G3,G2
link_1039,pipe,G0,G3,G2
link_1040,pipe,G0,G3,G2
link_1041,pipe,G0,G0,G0
link_1042,pipe,G0,G1,G1
link_1043,pipe,G0,G1,G1
link_1044,pipe,G0,G0,G0
link_1045,pipe,G0,G1,G0
link_1046,pipe,G1,G4,G4
link_1047,pipe,G0,G2,G2
link_1048,pipe,G0,G1,G0
link_1049,pipe,G0,G1,G0
link_1050,pipe,G0,G0,G1
link_1051,pipe,G1,G4,G5
link_1052,pipe,G1,G4,G4
link_1053,pipe,G0,G1,G1
link_1054,pipe,G1,G4,G5
link_1055,pipe,G1,G5,G4
link_1056,pipe,G0,G1,G1
link_1057,pipe,G1,G4,G5
link_1058,pipe,G0,G1,G0
link_1059,pipe,G0,G1,G0
link_1060,pipe,G0,G1,G0
link_1061,pipe,G0,G3,G2
link_1062,pipe,G0,G3,G2
link_1063,pipe,G1,G4,G4
link_1064,pipe,G1,G4,G5
link_1065,pipe,G0,G1,G1
link_1066,pipe,G1,G4,G5
link_1067,pipe,G1,G4,G5
link_1068,pipe,G1,G4,G5
link_1069,pipe,G1,G4,G5
link_1070,pipe,G1,G4,G5
link_1071,pipe,G1,G4,G5
link_1072,pipe,G1,G4,G5
link_1073,pipe,G0,G1,G1
link_1074,pipe,G0,G1,G1
link_1075,pipe,G0,G1,G1
link_1076,pipe,G0,G0,G1
link_1077,pipe,G0,G0,G1
link_1078,pipe,G1,G4,G4
link_1079,pipe,G0,G0,G1
link_1080,pipe,G0,G0,G1
link_1081,pipe,G0,G0,G1
link_1082,pipe,G0,G3,G2
link_1083,pipe,G0,G1,G1
link_1084,pipe,G0,G1,G1
link_1085,pipe,G0,G1,G1
link_1086,pipe,G0,G0,G0
link_1087,pipe,G0,G1,G1
link_1088,pipe,G0,G1,G1
link_1089,pipe,G0,G1,G1
link_1090,pipe,G0,G1,G1
link_1091,pipe,G0,G1,G1
link_1092,pipe,G0,G1,G1
link_1093,pipe,G0,G1,G1
link_1094,pipe,G0,G1,G1
link_1095,pipe,G0,G1,G1
link_1096,pipe,G0,G1,G1
link_1097,pipe,G0,G1,G1
link_1098,pipe,G0,G1,G1
link_1099,pipe,G0,G1,G1
link_1100,pipe,G0,G1,G1
link_1101,pipe,G0,G1,G1
link_1102,pipe,G0,G1,G1
link_1103,pipe,G0,G1,G1
link_1104,pipe,G0,G1,G1
link_1105,pipe,G0,G1,G1
link_1106,pipe,G0,G1,G0
link_1107,pipe,G0,G1,G1
link_1108,pipe,G0,G1,G1
link_1109,pipe,G0,G1,G1
link_1110,pipe,G0,G1,G1
link_1111,pipe,G0,G1,G1
link_1112,pipe,G0,G1,G1
link_1113,pipe,G0,G1,G0
link_1114,pipe,G0,G1,G0
link_1115,pipe,G0,G1,G1
link_1116,pipe,G0,G1,G1
link_1117,pipe,G0,G1,G1
link_1118,pipe,G1,G4,G5
link_1119,pipe,G1,G4,G5
link_1120,pipe,G0,G1,G1
link_1121,pipe,G0,G0,G1
link_1122,pipe,G0,G1,G0
link_1123,pipe,G0,G1,G0
link_1124,pipe,G0,G1,G1
link_1125,pipe,G0,G1,G1
link_1126,pipe,G0,G1,G1
link_1127,pipe,G0,G1,G1
link_1128,pipe,G0,G1,G1
link_1129,pipe,G0,G1,G0
link_1130,pipe,G0,G3,G3
link_1131,pipe,G0,G1,G0
link_1132,pipe,G1,G5,G5
link_1133,pipe,G1,G5,G5
link_1134,pipe,G1,G5,G5
link_1135,pipe,G0,G1,G1
link_1136,pipe,G0,G1,G0
link_1137,pipe,G0,G1,G0
link_1138,pipe,G0,G1,G0
link_1139,pipe,G0,G1,G0
link_1140,pipe,G0,G1,G0
link_1141,pipe,G0,G1,G0
link_1142,pipe,G0,G1,G0
link_1143,pipe,G1,G5,G5
link_1144,pipe,G1,G4,G5
link_1145,pipe,G1,G5,G4
link_1146,pipe,G1,G4,G4
link_1147,pipe,G1,G4,G4
link_1148,pipe,G1,G4,G4
link_1149,pipe,G1,G4,G4
link_1150,pipe,G1,G4,G4
link_1151,pipe,G1,G4,G4
link_1152,pipe,G1,G4,G5
link_1153,pipe,G1,G4,G4
link_1154,pipe,G1,G4,G4
link_1155,pipe,G1,G4,G4
link_1156,pipe,G1,G4,G4
link_1157,pipe,G1,G4,G4
link_1158,pipe,G1,G4,G4
link_1159,pipe,G1,G4,G4
link_1160,pipe,G1,G4,G4
link_1161,pipe,G1,G5,G4
link_1162,pipe,G1,G4,G4
link_1163,pipe,G1,G4,G4
link_1164,pipe,G0,G0,G0
link_1165,pipe,G1,G4,G5
link_1166,pipe,G1,G5,G5
link_1167,pipe,G1,G5,G5
link_1168,pipe,G1,G5,G5
link_1169,pipe,G1,G5,G5
link_1170,pipe,G1,G4,G5
link_1171,pipe,G1,G4,G5
link_1172,pipe,G1,G5,G5
link_1173,pipe,G1,G4,G4
link_1174,pipe,G1,G5,G5
link_1175,pipe,G1,G4,G5
link_1176,pipe,G1,G4,G5
link_1177,pipe,G1,G4,G5
link_1178,pipe,G1,G4,G4
link_1179,pipe,G0,G3,G3
link_1180,pipe,G1,G5,G4
link_1181,pipe,G1,G4,G4
link_1182,pipe,G1,G5,G5
link_1183,pipe,G1,G5,G5
link_1184,pipe,G1,G5,G5
link_1185,pipe,G1,G5,G5
link_1186,pipe,G1,G5,G5
link_1187,pipe,G1,G5,G5
link_1188,pipe,G1,G5,G5
link_1189,pipe,G1,G5,G4
link_1190,pipe,G1,G4,G4
link_1191,pipe,G1,G4,G4
link_1192,pipe,G0,G1,G1
link_1193,pipe,G0,G1,G1
link_1194,pipe,G1,G4,G5
link_1195,pipe,G1,G4,G5
link_1196,pipe,G0,G1,G1
link_1197,pipe,G1,G4,G5
link_1198,pipe,G1,G4,G5
link_1199,pipe,G1,G4,G4
link_1200,pipe,G1,G4,G4
link_1201,pipe,G1,G4,G4
link_1202,pipe,G1,G5,G5
link_1203,pipe,G1,G5,G5
link_1204,pipe,G1,G5,G4
link_1205,pipe,G1,G4,G4
link_1206,pipe,G1,G4,G4
link_1207,pipe,G1,G4,G4
link_1208,pipe,G1,G4,G4
link_1209,pipe,G0,G3,G3
link_1210,pipe,G1,G4,G4
link_1211,pipe,G1,G5,G5
link_1212,pipe,G1,G5,G5
link_1213,pipe,G1,G5,G5
link_1214,pipe,G1,G5,G5
link_1215,pipe,G1,G5,G5
link_1216,pipe,G1,G5,G5
link_1217,pipe,G1,G5,G5
link_1218,pipe,G0,G0,G1
link_1219,pipe,G0,G0,G1
link_1220,pipe,G1,G4,G4
link_1221,pipe,G1,G4,G4
link_1222,pipe,G1,G4,G4
link_1223,pipe,G1,G5,G4
link_1224,pipe,G1,G4,G4
link_1225,pipe,G1,G5,G4
link_1226,pipe,G1,G4,G4
link_1227,pipe,G1,G5,G4
link_1228,pipe,G1,G4,G4
link_1229,pipe,G0,G0,G0
link_1230,pipe,G0,G1,G1
link_1231,pipe,G0,G0,G0
link_1232,pipe,G0,G0,G0
link_1233,pipe,G0,G0,G0
link_1234,pipe,G0,G0,G0
link_1235,pipe,G0,G1,G1
link_1236,pipe,G0,G1,G1
link_1237,pipe,G0,G1,G1
link_1238,pipe,G1,G4,G4
link_1239,pipe,G1,G4,G4
link_1240,pipe,G1,G4,G4
link_1241,pipe,G1,G4,G4
link_1242,pipe,G1,G5,G5
link_1243,pipe,G1,G4,G5
link_1244,pipe,G1,G5,G5
link_1245,pipe,G1,G4,G4
link_1246,pipe,G0,G0,G1
link_1247,pipe,G1,G4,G4
link_1248,pipe,G1,G4,G4
link_1249,pipe,G1,G4,G4
link_1250,pipe,G1,G4,G4
link_1251,pipe,G1,G4,G4
link_1252,pipe,G1,G4,G4
link_1253,pipe,G1,G4,G4
link_1254,pipe,G1,G4,G4
link_1255,pipe,G1,G4,G4
link_1256,pipe,G1,G4,G4
link_1257,pipe,G1,G5,G4
link_1258,pipe,G1,G4,G4
link_1259,pipe,G1,G4,G5
link_1260,pipe,G1,G5,G5
link_1261,pipe,G1,G4,G4
link_1262,pipe,G1,G4,G4
link_1263,pipe,G1,G4,G4
link_1264,pipe,G1,G5,G5
link_1265,pipe,G1,G4,G5
link_1266,pipe,G1,G4,G5
link_1267,pipe,G1,G4,G5
link_1268,pipe,G1,G4,G5
link_1269,pipe,G1,G4,G4
link_1270,pipe,G1,G4,G4
link_1271,pipe,G1,G4,G4
link_1272,pipe,G1,G4,G4
link_1273,pipe,G1,G4,G4
link_1274,pipe,G1,G4,G4
link_1275,pipe,G1,G5,G4
link_1276,pipe,G1,G5,G4
link_1277,pipe,G1,G4,G5
link_1278,pipe,G1,G4,G5
link_1279,pipe,G1,G4,G4
link_1280,pipe,G1,G4,G4
link_1281,pipe,G1,G5,G5
link_1282,pipe,G1,G5,G5
link_1283,pipe,G1,G4,G5
link_1284,pipe,G1,G4,G4
link_1285,pipe,G1,G4,G4
link_1286,pipe,G1,G4,G4
link_1287,pipe,G1,G5,G5
link_1288,pipe,G1,G5,G5
link_1289,pipe,G1,G4,G5
link_1290,pipe,G1,G4,G4
link_1291,pipe,G0,G0,G0
link_1292,pipe,G1,G4,G5
link_1293,pipe,G1,G5,G5
link_1294,pipe,G1,G5,G5
link_1295,pipe,G1,G5,G5
link_1296,pipe,G1,G5,G5
link_1297,pipe,G1,G5,G5
link_1298,pipe,G0,G2,G2
link_1299,pipe,G0,G0,G1
link_1300,pipe,G0,G1,G1
link_1301,pipe,G0,G2,G2
link_1302,pipe,G0,G2,G2
link_1303,pipe,G1,G5,G4
link_1304,pipe,G0,G2,G3
link_1305,pipe,G1,G5,G4
link_1306,pipe,G0,G3,G3
link_1307,pipe,G0,G3,G2
link_1308,pipe,G1,G5,G4
link_1309,pipe,G0,G1,G1
link_1310,pipe,G0,G0,G1
link_1311,pipe,G0,G2,G2
link_1312,pipe,G0,G0,G0
link_1313,pipe,G1,G5,G4
link_1314,pipe,G0,G3,G2
link_1315,pipe,G0,G2,G2
link_1316,pipe,G0,G1,G1
link_1317,pipe,G0,G1,G1
link_1318,pipe,G1,G4,G5
link_1319,pipe,G0,G2,G3
link_1320,pipe,G1,G5,G5
link_1321,pipe,G0,G2,G3
link_1322,pipe,G0,G0,G1
link_1323,pipe,G1,G4,G4
link_1324,pipe,G1,G4,G4
link_1325,pipe,G0,G1,G0
link_1326,pipe,G0,G1,G0
link_1327,pipe,G0,G1,G0
link_1328,pipe,G1,G5,G4
link_1329,pipe,G0,G3,G3
link_1330,pipe,G0,G2,G3
link_1331,pipe,G0,G1,G1
link_1332,pipe,G1,G4,G4
link_1333,pipe,G0,G2,G2
link_1334,pipe,G1,G4,G4
link_1335,pipe,G0,G0,G1
link_1336,pipe,G1,G4,G4
link_1337,pipe,G1,G5,G4
link_1338,pipe,G1,G5,G4
link_1339,pipe,G0,G1,G0
link_1340,pipe,G1,G4,G4
link_1341,pipe,G0,G0,G1
link_1342,pipe,G1,G4,G4
link_1343,pipe,G1,G4,G4
link_1344,pipe,G1,G4,G4
link_1345,pipe,G1,G4,G4
link_1346,pipe,G0,G1,G1
link_1347,pipe,G1,G5,G4
link_1348,pipe,G1,G4,G4
link_1349,pipe,G1,G4,G4
link_1350,pipe,G1,G5,G5
link_1351,pipe,G0,G3,G3
link_1352,pipe,G0,G3,G2
link_1353,pipe,G1,G4,G4
link_1354,pipe,G1,G4,G5
link_1355,pipe,G1,G4,G5
link_1356,pipe,G0,G1,G0
link_1357,pipe,G0,G1,G0
link_1358,pipe,G1,G4,G4
link_1359,pipe,G1,G4,G5
link_1360,pipe,G1,G5,G5
link_1361,pipe,G1,G4,G4
link_1362,pipe,G1,G5,G4
link_1363,pipe,G1,G4,G4
link_1364,pipe,G0,G3,G3
link_1365,pipe,G1,G5,G5
link_1366,pipe,G0,G3,G3
link_1367,pipe,G0,G1,G0
link_1368,pipe,G0,G1,G1
link_1369,pipe,G1,G4,G4
link_1370,pipe,G1,G4,G4
link_1371,pipe,G0,G3,G3
link_1372,pipe,G0,G3,G3
link_1373,pipe,G0,G2,G2
link_1374,pipe,G1,G4,G4
link_1375,pipe,G0,G0,G1
link_1376,pipe,G0,G1,G0
link_1377,pipe,G0,G1,G1
link_1378,pipe,G0,G1,G0
link_1379,pipe,G1,G5,G4
link_1380,pipe,G1,G5,G5
link_1381,pipe,G1,G5,G4
link_1382,pipe,G1,G4,G4
link_1383,pipe,G1,G4,G4
link_1384,pipe,G0,G2,G2
link_1385,pipe,G0,G2,G2
link_1386,pipe,G1,G5,G5
link_1387,pipe,G0,G3,G3
link_1388,pipe,G0,G3,G2
link_1389,pipe,G0,G1,G0
link_1390,pipe,G0,G3,G2
link_1391,pipe,G0,G3,G3
link_1392,pipe,G0,G1,G1
link_1393,pipe,G0,G1,G1
link_1394,pipe,G0,G1,G1
link_1395,pipe,G0,G1,G0
link_1396,pipe,G0,G1,G1
link_1397,pipe,G0,G2,G2
link_1398,pipe,G1,G4,G4
link_1399,pipe,G0,G2,G2
link_1400,pipe,G0,G2,G2
link_1401,pipe,G1,G4,G4
link_1402,pipe,G1,G4,G4
link_1403,pipe,G1,G4,G4
link_1404,pipe,G1,G4,G4
link_1405,pipe,G1,G4,G4
link_1406,pipe,G1,G4,G4
link_1407,pipe,G0,G2,G2
link_1408,pipe,G0,G2,G2
link_1409,pipe,G1,G5,G4
link_1410,pipe,G1,G4,G4
link_1411,pipe,G0,G2,G2
link_1412,pipe,G1,G4,G4
link_1413,pipe,G1,G4,G4
link_1414,pipe,G1,G5,G4
link_1415,pipe,G1,G4,G5
link_1416,pipe,G0,G2,G3
link_1417,pipe,G0,G1,G0
link_1418,pipe,G0,G1,G1
link_1419,pipe,G0,G1,G1
link_1420,pipe,G0,G3,G3
link_1421,pipe,G1,G5,G4
link_1422,pipe,G0,G3,G3
link_1423,pipe,G0,G3,G3
link_1424,pipe,G0,G3,G3
link_1425,pipe,G0,G3,G3
link_1426,pipe,G0,G3,G2
link_1427,pipe,G0,G3,G3
link_1428,pipe,G1,G5,G4
link_1429,pipe,G1,G5,G4
link_1430,pipe,G0,G1,G0
link_1431,pipe,G0,G1,G1
link_1432,pipe,G0,G1,G1
link_1433,pipe,G0,G1,G0
link_1434,pipe,G0,G1,G1
link_1435,pipe,G0,G1,G1
link_1436,pipe,G0,G2,G3
link_1437,pipe,G0,G0,G1
link_1438,pipe,G0,G1,G1
link_1439,pipe,G0,G0,G0
link_1440,pipe,G0,G0,G1
link_1441,pipe,G0,G0,G1
link_1442,pipe,G1,G5,G4
link_1443,pipe,G0,G0,G0
link_1444,pipe,G0,G0,G1
link_1445,pipe,G0,G3,G2
link_1446,pipe,G1,G4,G4
link_1447,pipe,G0,G1,G1
link_1448,pipe,G0,G3,G2
link_1449,pipe,G0,G1,G1
link_1450,pipe,G1,G4,G5
link_1451,pipe,G0,G0,G0
link_1452,pipe,G1,G4,G4
link_1453,pipe,G1,G4,G4
link_1454,pipe,G0,G0,G1
link_1455,pipe,G0,G0,G0
link_1456,pipe,G0,G1,G1
link_1457,pipe,G0,G1,G0
link_1458,pipe,G0,G0,G0
link_1459,pipe,G1,G4,G4
link_1460,pipe,G1,G4,G4
link_1461,pipe,G1,G4,G4
link_1462,pipe,G0,G2,G2
link_1463,pipe,G0,G0,G1
link_1464,pipe,G0,G1,G1
link_1465,pipe,G0,G1,G1
link_1466,pipe,G0,G3,G2
link_1467,pipe,G0,G2,G2
link_1468,pipe,G0,G1,G1
link_1469,pipe,G1,G4,G4
link_1470,pipe,G1,G4,G4
link_1471,pipe,G0,G3,G2
link_1472,pipe,G0,G0,G1
link_1473,pipe,G0,G1,G0
link_1474,pipe,G0,G1,G1
link_1475,pipe,G0,G1,G1
link_1476,pipe,G0,G1,G0
link_1477,pipe,G0,G1,G1
link_1478,pipe,G0,G1,G1
link_1479,pipe,G0,G1,G0
link_1480,pipe,G0,G0,G1
link_1481,pipe,G0,G0,G0
link_1482,pipe,G0,G0,G0
link_1483,pipe,G0,G0,G0
link_1484,pipe,G0,G0,G1
link_1485,pipe,G1,G4,G4
link_1486,pipe,G0,G0,G0
link_1487,pipe,G1,G5,G4
link_1488,pipe,G0,G0,G0
link_1489,pipe,G0,G1,G1
link_1490,pipe,G0,G1,G0
link_1491,pipe,G0,G0,G0
link_1492,pipe,G0,G0,G0
link_1493,pipe,G0,G2,G2
link_1494,pipe,G0,G0,G1
link_1495,pipe,G1,G4,G4
link_1496,pipe,G0,G2,G2
link_1497,pipe,G0,G1,G1
link_1498,pipe,G0,G2,G2
link_1499,pipe,G0,G0,G0
link_1500,pipe,G0,G1,G1
link_1501,pipe,G0,G0,G0
link_1502,pipe,G0,G2,G2
link_1503,pipe,G0,G2,G2
link_1504,pipe,G0,G2,G2
link_1505,pipe,G1,G4,G4
link_1506,pipe,G0,G2,G2
link_1507,pipe,G1,G5,G4
link_1508,pipe,G1,G4,G4
link_1509,pipe,G0,G2,G2
link_1510,pipe,G0,G2,G2
link_1511,pipe,G0,G2,G2
link_1512,pipe,G1,G4,G4
link_1513,pipe,G1,G4,G4
link_1514,pipe,G0,G2,G2
link_1515,pipe,G0,G1,G0
link_1516,pipe,G0,G3,G2
link_1517,pipe,G0,G0,G0
link_1518,pipe,G0,G1,G1
link_1519,pipe,G0,G1,G1
link_1520,pipe,G0,G0,G0
link_1521,pipe,G0,G1,G1
link_1522,pipe,G0,G0,G0
link_1523,pipe,G0,G1,G1
link_1524,pipe,G0,G0,G1
link_1525,pipe,G0,G0,G1
link_1526,pipe,G1,G4,G4
link_1527,pipe,G0,G1,G1
link_1528,pipe,G1,G4,G4
link_1529,pipe,G0,G1,G1
link_1530,pipe,G0,G1,G1
link_1531,pipe,G0,G1,G1
link_1532,pipe,G0,G1,G0
link_1533,pipe,G0,G1,G1
link_1534,pipe,G1,G4,G4
link_1535,pipe,G0,G1,G1
link_1536,pipe,G0,G1,G0
link_1537,pipe,G0,G0,G1
link_1538,pipe,G0,G1,G1
link_1539,pipe,G0,G1,G0
link_1540,pipe,G0,G1,G0
link_1541,pipe,G1,G4,G5
link_1542,pipe,G0,G0,G1
link_1543,pipe,G1,G4,G5
link_1544,pipe,G0,G0,G1
link_1545,pipe,G0,G1,G0
link_1546,pipe,G0,G1,G1
link_1547,pipe,G0,G1,G1
link_1548,pipe,G0,G1,G1
link_1549,pipe,G0,G1,G0
link_1550,pipe,G0,G1,G0
link_1551,pipe,G0,G1,G1
link_1552,pipe,G0,G0,G1
link_1553,pipe,G0,G0,G0
link_1554,pipe,G0,G1,G1
link_1555,pipe,G0,G1,G1
link_1556,pipe,G1,G4,G4
link_1557,pipe,G0,G0,G1
link_1558,pipe,G0,G0,G0
link_1559,pipe,G0,G1,G0
link_1560,pipe,G0,G1,G1
link_1561,pipe,G0,G1,G1
link_1562,pipe,G1,G4,G4
link_1563,pipe,G0,G2,G3
link_1564,pipe,G1,G5,G4
link_1565,pipe,G1,G5,G5
link_1566,pipe,G1,G5,G4
link_1567,pipe,G1,G5,G4
link_1568,pipe,G0,G0,G1
link_1569,pipe,G0,G0,G1
link_1570,pipe,G0,G1,G1
link_1571,pipe,G0,G1,G1
link_1572,pipe,G0,G1,G0
link_1573,pipe,G0,G3,G3
link_1574,pipe,G0,G1,G1
link_1575,pipe,G1,G5,G4
link_1576,pipe,G1,G5,G4
link_1577,pipe,G1,G5,G4
link_1578,pipe,G0,G1,G1
link_1579,pipe,G0,G3,G3
link_1580,pipe,G1,G4,G4
link_1581,pipe,G0,G1,G1
link_1582,pipe,G0,G1,G1
link_1583,pipe,G1,G5,G5
link_1584,pipe,G1,G5,G4
link_1585,pipe,G1,G5,G4
link_1586,pipe,G1,G5,G4
link_1587,pipe,G1,G4,G4
link_1588,pipe,G1,G4,G5
link_1589,pipe,G1,G4,G4
link_1590,pipe,G1,G4,G4
link_1591,pipe,G1,G4,G4
link_1592,pipe,G1,G4,G4
link_1593,pipe,G1,G4,G4
link_1594,pipe,G1,G4,G4
link_1595,pipe,G1,G5,G4
link_1596,pipe,G1,G5,G5
link_1597,pipe,G1,G4,G4
link_1598,pipe,G1,G4,G4
link_1599,pipe,G1,G4,G4
link_1600,pipe,G1,G5,G5
link_1601,pipe,G0,G3,G3
link_1602,pipe,G1,G4,G5
link_1603,pipe,G1,G4,G5
link_1604,pipe,G1,G4,G4
link_1605,pipe,G1,G4,G4
link_1606,pipe,G1,G4,G4
link_1607,pipe,G1,G4,G4
link_1608,pipe,G1,G4,G4
link_1609,pipe,G0,G0,G1
link_1610,pipe,G1,G4,G4
link_1611,pipe,G1,G4,G4
link_1612,pipe,G1,G4,G4
link_1613,pipe,G1,G4,G4
link_1614,pipe,G1,G4,G4
link_1615,pipe,G0,G2,G3
link_1616,pipe,G0,G2,G3
link_1617,pipe,G0,G0,G1
link_1618,pipe,G1,G4,G4
link_1619,pipe,G0,G1,G1
link_1620,pipe,G0,G1,G0
link_1621,pipe,G1,G4,G5
link_1622,pipe,G1,G4,G5
link_1623,pipe,G1,G4,G4
link_1624,pipe,G1,G4,G4
link_1625,pipe,G1,G4,G4
link_1626,pipe,G1,G4,G5
link_1627,pipe,G0,G2,G3
link_1628,pipe,G1,G4,G4
link_1629,pipe,G1,G4,G5
link_1630,pipe,G0,G1,G0
link_1631,pipe,G1,G5,G4
link_1632,pipe,G1,G4,G4
link_1633,pipe,G1,G4,G4
link_1634,pipe,G1,G4,G4
link_1635,pipe,G1,G4,G5
link_1636,pipe,G1,G4,G4
link_1637,pipe,G1,G5,G5
link_1638,pipe,G1,G5,G5
link_1639,pipe,G1,G5,G5
link_1640,pipe,G1,G4,G4
link_1641,pipe,G1,G5,G4
link_1642,pipe,G1,G4,G5
link_1643,pipe,G1,G4,G4
link_1644,pipe,G0,G0,G1
link_1645,pipe,G0,G0,G0
link_1646,pipe,G1,G4,G4
link_1647,pipe,G1,G5,G5
link_1648,pipe,G1,G4,G4
link_1649,pipe,G0,G0,G0
link_1650,pipe,G1,G4,G4
link_1651,pipe,G0,G1,G0
link_1652,pipe,G1,G4,G5
link_1653,pipe,G1,G4,G5
link_1654,pipe,G1,G4,G5
link_1655,pipe,G0,G3,G3
link_1656,pipe,G0,G1,G0
link_1657,pipe,G1,G5,G5
link_1658,pipe,G1,G5,G5
link_1659,pipe,G1,G5,G5
link_1660,pipe,G1,G5,G5
link_1661,pipe,G1,G5,G5
link_1662,pipe,G1,G5,G5
link_1663,pipe,G1,G4,G5
link_1664,pipe,G1,G5,G4
link_1665,pipe,G1,G5,G5
link_1666,pipe,G1,G5,G5
link_1667,pipe,G1,G5,G5
link_1668,pipe,G1,G4,G4
link_1669,pipe,G1,G5,G5
link_1670,pipe,G1,G4,G4
link_1671,pipe,G1,G4,G4
link_1672,pipe,G1,G4,G4
link_1673,pipe,G1,G4,G4
link_1674,pipe,G1,G4,G4
link_1675,pipe,G1,G4,G4
link_1676,pipe,G1,G4,G4
link_1677,pipe,G1,G5,G5
link_1678,pipe,G1,G5,G4
link_1679,pipe,G1,G5,G5
link_1680,pipe,G1,G4,G4
link_1681,pipe,G1,G4,G4
link_1682,pipe,G1,G5,G5
link_1683,pipe,G1,G4,G5
link_1684,pipe,G1,G4,G4
link_1685,pipe,G1,G4,G4
link_1686,pipe,G1,G4,G5
link_1687,pipe,G1,G5,G5
link_1688,pipe,G1,G4,G5
link_1689,pipe,G1,G5,G5
link_1690,pipe,G1,G5,G5
link_1691,pipe,G1,G4,G4
link_1692,pipe,G1,G4,G5
link_1693,pipe,G1,G4,G4
link_1694,pipe,G1,G4,G4
link_1695,pipe,G0,G2,G2
link_1696,pipe,G1,G4,G4
link_1697,pipe,G1,G4,G4
link_1698,pipe,G1,G5,G5
link_1699,pipe,G1,G4,G5
link_1700,pipe,G1,G5,G5
link_1701,pipe,G0,G1,G0
link_1702,pipe,G0,G1,G0
link_1703,pipe,G0,G3,G2
link_1704,pipe,G0,G1,G0
link_1705,pipe,G0,G1,G1
link_1706,pipe,G0,G1,G1
link_1707,pipe,G0,G1,G1
link_1708,pipe,G0,G2,G3
link_1709,pipe,G0,G3,G3
link_1710,pipe,G0,G3,G3
link_1711,pipe,G1,G5,G5
link_1712,pipe,G0,G0,G0
link_1713,pipe,G0,G0,G0
link_1714,pipe,G0,G1,G0
link_1715,pipe,G0,G1,G0
link_1716,pipe,G0,G0,G0
link_1717,pipe,G0,G1,G1
link_1718,pipe,G0,G1,G1
link_1719,pipe,G1,G5,G4
link_1720,pipe,G0,G1,G1
link_1721,pipe,G0,G1,G0
link_1722,pipe,G0,G0,G0
link_1723,pipe,G0,G1,G0
link_1724,pipe,G1,G4,G4
link_1725,pipe,G1,G4,G4
link_1726,pipe,G0,G1,G1
link_1727,pipe,G1,G4,G4
link_1728,pipe,G0,G1,G0
link_1729,pipe,G0,G1,G1
link_1730,pipe,G1,G4,G4
link_1731,pipe,G1,G4,G4
link_1732,pipe,G0,G0,G0
link_1733,pipe,G0,G0,G0
link_1734,pipe,G0,G0,G1
link_1735,pipe,G0,G0,G1
link_1736,pipe,G0,G1,G1
link_1737,pipe,G0,G0,G1
link_1738,pipe,G0,G0,G0
link_1739,pipe,G0,G0,G1
link_1740,pipe,G0,G0,G0
link_1741,pipe,G0,G1,G0
link_1742,pipe,G0,G1,G0
link_1743,pipe,G0,G0,G0
link_1744,pipe,G1,G5,G4
link_1745,pipe,G1,G5,G4
link_1746,pipe,G1,G5,G4
link_1747,pipe,G0,G1,G0
link_1748,pipe,G0,G1,G0
link_1749,pipe,G0,G0,G0
link_1750,pipe,G0,G1,G0
link_1751,pipe,G0,G1,G1
link_1752,pipe,G0,G1,G1
link_1753,pipe,G0,G1,G0
link_1754,pipe,G0,G1,G0
link_1755,pipe,G0,G1,G1
link_1756,pipe,G0,G0,G0
link_1757,pipe,G0,G3,G2
link_1758,pipe,G0,G3,G2
link_1759,pipe,G1,G5,G4
link_1760,pipe,G1,G5,G4
link_1761,pipe,G0,G3,G2
link_1762,pipe,G1,G4,G4
link_1763,pipe,G1,G4,G4
link_1764,pipe,G0,G2,G2
link_1765,pipe,G0,G2,G2
link_1766,pipe,G0,G3,G2
link_1767,pipe,G0,G3,G3
link_1768,pipe,G0,G1,G0
link_1769,pipe,G0,G3,G3
link_1770,pipe,G0,G1,G1
link_1771,pipe,G0,G0,G0
link_1772,pipe,G0,G1,G1
link_1773,pipe,G0,G1,G1
link_1774,pipe,G0,G1,G1
link_1775,pipe,G0,G1,G1
link_1776,pipe,G1,G4,G4
link_1777,pipe,G0,G1,G1
link_1778,pipe,G0,G1,G1
link_1779,pipe,G0,G1,G1
link_1780,pipe,G0,G0,G0
link_1781,pipe,G0,G0,G0
link_1782,pipe,G0,G0,G1
link_1783,pipe,G0,G0,G1
link_1784,pipe,G1,G4,G4
link_1785,pipe,G0,G2,G2
link_1786,pipe,G1,G4,G4
link_1787,pipe,G0,G2,G2
link_1788,pipe,G1,G4,G4
link_1789,pipe,G1,G4,G4
link_1790,pipe,G1,G4,G4
link_1791,pipe,G0,G2,G3
link_1792,pipe,G0,G2,G3
link_1793,pipe,G0,G1,G1
link_1794,pipe,G0,G1,G1
link_1795,pipe,G0,G1,G1
link_1796,pipe,G0,G1,G1
link_1797,pipe,G0,G1,G1
link_1798,pipe,G0,G1,G1
link_1799,pipe,G0,G1,G1
link_1800,pipe,G0,G1,G1
link_1801,pipe,G0,G1,G1
link_1802,pipe,G0,G3,G3
link_1803,pipe,G0,G3,G3
link_1804,pipe,G0,G3,G3
link_1805,pipe,G1,G5,G4
link_1806,pipe,G0,G3,G3
link_1807,pipe,G0,G3,G2
link_1808,pipe,G0,G3,G3
link_1809,pipe,G1,G5,G4
link_1810,pipe,G0,G1,G1
link_1811,pipe,G0,G0,G0
link_1812,pipe,G0,G0,G0
link_1813,pipe,G0,G1,G1
link_1814,pipe,G0,G0,G0
link_1815,pipe,G0,G2,G2
link_1816,pipe,G0,G0,G0
link_1817,pipe,G0,G1,G1
link_1818,pipe,G0,G0,G1
link_1819,pipe,G0,G0,G0
link_1820,pipe,G0,G2,G2
link_1821,pipe,G0,G0,G0
link_1822,pipe,G0,G2,G2
link_1823,pipe,G0,G2,G2
link_1824,pipe,G1,G4,G4
link_1825,pipe,G0,G0,G0
link_1826,pipe,G0,G0,G0
link_1827,pipe,G0,G0,G1
link_1828,pipe,G0,G0,G0
link_1829,pipe,G0,G0,G1
link_1830,pipe,G0,G0,G0
link_1831,pipe,G0,G0,G0
link_1832,pipe,G0,G1,G1
link_1833,pipe,G0,G1,G1
link_1834,pipe,G0,G0,G0
link_1835,pipe,G0,G0,G1
link_1836,pipe,G0,G0,G0
link_1837,pipe,G0,G0,G0
link_1838,pipe,G0,G0,G1
link_1839,pipe,G0,G0,G0
link_1840,pipe,G0,G1,G1
link_1841,pipe,G0,G1,G1
link_1842,pipe,G0,G0,G1
link_1843,pipe,G0,G0,G1
link_1844,pipe,G0,G0,G1
link_1845,pipe,G0,G0,G0
link_1846,pipe,G0,G0,G1
link_1847,pipe,G0,G1,G1
link_1848,pipe,G0,G0,G1
link_1849,pipe,G0,G1,G1
link_1850,pipe,G0,G3,G2
link_1851,pipe,G0,G0,G0
link_1852,pipe,G0,G0,G1
link_1853,pipe,G0,G0,G0
link_1854,pipe,G0,G0,G0
link_1855,pipe,G0,G0,G0
link_1856,pipe,G0,G1,G1
link_1857,pipe,G0,G1,G1
link_1858,pipe,G0,G2,G2
link_1859,pipe,G1,G4,G4
link_1860,pipe,G1,G4,G5
link_1861,pipe,G0,G1,G1
link_1862,pipe,G0,G1,G1
link_1863,pipe,G0,G1,G1
link_1864,pipe,G0,G0,G0
link_1865,pipe,G0,G0,G1
link_1866,pipe,G0,G0,G0
link_1867,pipe,G0,G0,G0
link_1868,pipe,G0,G0,G1
link_1869,pipe,G0,G1,G1
link_1870,pipe,G0,G1,G1
link_1871,pipe,G1,G4,G4
link_1872,pipe,G0,G2,G2
link_1873,pipe,G0,G2,G2
link_1874,pipe,G0,G2,G2
link_1875,pipe,G1,G4,G4
link_1876,pipe,G1,G4,G4
link_1877,pipe,G1,G4,G4
link_1878,pipe,G0,G1,G1
link_1879,pipe,G0,G1,G1
link_1880,pipe,G0,G1,G0
link_1881,pipe,G1,G4,G4
link_1882,pipe,G1,G4,G4
link_1883,pipe,G0,G2,G2
link_1884,pipe,G0,G1,G1
link_1885,pipe,G0,G3,G2
link_1886,pipe,G0,G3,G2
link_1887,pipe,G0,G3,G2
link_1888,pipe,G0,G3,G2
link_1889,pipe,G0,G3,G2
link_1890,pipe,G0,G1,G0
link_1891,pipe,G0,G0,G0
link_1892,pipe,G0,G0,G0
link_1893,pipe,G0,G1,G1
link_1894,pipe,G0,G1,G0
link_1895,pipe,G0,G0,G1
link_1896,pipe,G0,G1,G1
link_1897,pipe,G0,G1,G0
link_1898,pipe,G0,G1,G0
link_1899,pipe,G0,G1,G1
link_1900,pipe,G0,G1,G1
link_1901,pipe,G0,G0,G0
link_1902,pipe,G0,G1,G0
link_1903,pipe,G0,G1,G1
link_1904,pipe,G0,G1,G1
link_1905,pipe,G0,G0,G0
link_1906,pipe,G0,G0,G1
link_1907,pipe,G0,G0,G1
link_1908,pipe,G0,G1,G1
link_1909,pipe,G0,G1,G1
link_1910,pipe,G0,G1,G1
link_1911,pipe,G0,G1,G1
link_1912,pipe,G0,G0,G0
link_1913,pipe,G0,G3,G2
link_1914,pipe,G0,G0,G0
link_1915,pipe,G0,G1,G1
link_1916,pipe,G0,G1,G0
link_1917,pipe,G0,G1,G0
link_1918,pipe,G0,G0,G0
link_1919,pipe,G0,G1,G0
link_1920,pipe,G0,G0,G0
link_1921,pipe,G1,G4,G5
link_1922,pipe,G0,G0,G0
link_1923,pipe,G1,G4,G5
link_1924,pipe,G1,G4,G5
link_1925,pipe,G0,G0,G1
link_1926,pipe,G0,G1,G0
link_1927,pipe,G0,G0,G0
link_1928,pipe,G0,G1,G0
link_1929,pipe,G0,G1,G1
link_1930,pipe,G0,G0,G0
link_1931,pipe,G0,G2,G2
link_1932,pipe,G0,G2,G2
link_1933,pipe,G1,G4,G4
link_1934,pipe,G0,G1,G1
link_1935,pipe,G0,G0,G0
link_1936,pipe,G0,G2,G2
link_1937,pipe,G0,G0,G0
link_1938,pipe,G1,G5,G5
link_1939,pipe,G1,G5,G5
link_1940,pipe,G0,G0,G0
link_1941,pipe,G1,G5,G5
link_1942,pipe,G0,G0,G0
link_1943,pipe,G0,G0,G0
link_1944,pipe,G0,G0,G0
link_1945,pipe,G0,G2,G2
link_1946,pipe,G0,G0,G0
link_1947,pipe,G0,G0,G0
link_1948,pipe,G0,G0,G0
link_1949,pipe,G0,G0,G1
link_1950,pipe,G0,G0,G1
link_1951,pipe,G0,G0,G0
link_1952,pipe,G0,G2,G2
link_1953,pipe,G0,G2,G2
link_1954,pipe,G0,G2,G2
link_1955,pipe,G0,G0,G0
link_1956,pipe,G0,G1,G1
link_1957,pipe,G0,G2,G2
link_1958,pipe,G0,G2,G2
link_1959,pipe,G0,G1,G1
link_1960,pipe,G0,G2,G2
link_1961,pipe,G1,G4,G4
link_1962,pipe,G1,G4,G4
link_1963,pipe,G0,G3,G2
link_1964,pipe,G0,G1,G0
link_1965,pipe,G1,G5,G4
link_1966,pipe,G0,G1,G0
link_1967,pipe,G0,G0,G1
link_1968,pipe,G0,G0,G1
link_1969,pipe,G0,G1,G0
link_1970,pipe,G0,G1,G1
link_1971,pipe,G0,G0,G1
link_1972,pipe,G0,G0,G0
link_1973,pipe,G0,G0,G0
link_1974,pipe,G0,G0,G0
link_1975,pipe,G0,G0,G0
link_1976,pipe,G0,G0,G0
link_1977,pipe,G0,G0,G0
link_1978,pipe,G0,G0,G0
link_1979,pipe,G0,G0,G0
link_1980,pipe,G0,G0,G0
link_1981,pipe,G0,G0,G0
link_1982,pipe,G0,G0,G0
link_1983,pipe,G0,G0,G0
link_1984,pipe,G1,G4,G4
link_1985,pipe,G0,G1,G1
link_1986,pipe,G0,G0,G0
link_1987,pipe,G0,G0,G0
link_1988,pipe,G0,G2,G2
link_1989,pipe,G1,G4,G4
link_1990,pipe,G0,G1,G1
link_1991,pipe,G0,G0,G0
link_1992,pipe,G0,G1,G0
link_1993,pipe,G0,G1,G1
link_1994,pipe,G0,G1,G1
link_1995,pipe,G0,G1,G1
link_1996,pipe,G0,G0,G0
link_1997,pipe,G0,G0,G0
link_1998,pipe,G0,G1,G0
link_1999,pipe,G0,G1,G0
link_2000,pipe,G0,G0,G0
link_2001,pipe,G0,G0,G0
link_2002,pipe,G0,G1,G0
link_2003,pipe,G0,G1,G1
link_2004,pipe,G0,G1,G0
link_2005,pipe,G0,G1,G0
link_2006,pipe,G0,G0,G0
link_2007,pipe,G0,G0,G0
link_2008,pipe,G0,G0,G0
link_2009,pipe,G0,G0,G0
link_2010,pipe,G0,G1,G0
link_2011,pipe,G0,G1,G1
link_2012,pipe,G0,G2,G2
link_2013,pipe,G0,G0,G0
link_2014,pipe,G1,G4,G4
link_2015,pipe,G0,G0,G0
link_2016,pipe,G0,G0,G0
link_2017,pipe,G0,G0,G0
link_2018,pipe,G0,G1,G1
link_2019,pipe,G0,G0,G0
link_2020,pipe,G0,G0,G0
link_2021,pipe,G1,G4,G4
link_2022,pipe,G0,G0,G0
link_2023,pipe,G0,G2,G3
link_2024,pipe,G0,G1,G0
link_2025,pipe,G0,G0,G0
link_2026,pipe,G0,G1,G1
link_2027,pipe,G0,G1,G1
link_2028,pipe,G1,G4,G4
link_2029,pipe,G0,G0,G0
link_2030,pipe,G0,G0,G1
link_2031,pipe,G0,G1,G1
link_2032,pipe,G0,G0,G0
link_2033,pipe,G0,G0,G0
link_2034,pipe,G0,G0,G1
link_2035,pipe,G0,G1,G0
link_2036,pipe,G0,G1,G1
link_2037,pipe,G0,G0,G0
link_2038,pipe,G0,G0,G0
link_2039,pipe,G0,G2,G2
link_2040,pipe,G1,G5,G4
link_2041,pipe,G1,G5,G5
link_2042,pipe,G1,G5,G4
link_2043,pipe,G1,G5,G4
link_2044,pipe,G1,G5,G5
link_2045,pipe,G1,G4,G4
link_2046,pipe,G0,G0,G0
link_2047,pipe,G0,G3,G2
link_2048,pipe,G1,G5,G4
link_2049,pipe,G1,G5,G5
link_2050,pipe,G1,G4,G4
link_2051,pipe,G0,G0,G0
link_2052,pipe,G0,G3,G2
link_2053,pipe,G1,G4,G4
link_2054,pipe,G1,G4,G4
link_2055,pipe,G1,G4,G4
link_2056,pipe,G1,G4,G5
link_2057,pipe,G1,G4,G4
link_2058,pipe,G1,G4,G4
link_2059,pipe,G1,G4,G4
link_2060,pipe,G1,G5,G5
link_2061,pipe,G1,G5,G5
link_2062,pipe,G1,G4,G4
link_2063,pipe,G1,G4,G4
link_2064,pipe,G1,G4,G4
link_2065,pipe,G1,G4,G4
link_2066,pipe,G1,G4,G4
link_2067,pipe,G1,G4,G4
link_2068,pipe,G1,G5,G4
link_2069,pipe,G1,G4,G4
link_2070,pipe,G1,G4,G4
link_2071,pipe,G1,G4,G4
link_2072,pipe,G0,G0,G0
link_2073,pipe,G1,G5,G5
link_2074,pipe,G1,G4,G4
link_2075,pipe,G1,G4,G5
link_2076,pipe,G1,G4,G4
link_2077,pipe,G1,G5,G5
link_2078,pipe,G1,G5,G5
link_2079,pipe,G1,G5,G5
link_2080,pipe,G1,G5,G5
link_2081,pipe,G1,G5,G5
link_2082,pipe,G0,G2,G2
link_2083,pipe,G1,G5,G4
link_2084,pipe,G0,G1,G0
link_2085,pipe,G1,G4,G4
link_2086,pipe,G1,G4,G4
link_2087,pipe,G1,G5,G4
link_2088,pipe,G1,G4,G4
link_2089,pipe,G1,G5,G5
link_2090,pipe,G1,G4,G4
link_2091,pipe,G1,G4,G4
link_2092,pipe,G1,G4,G5
link_2093,pipe,G1,G4,G5
link_2094,pipe,G1,G5,G4
link_2095,pipe,G1,G5,G5
link_2096,pipe,G0,G0,G1
link_2097,pipe,G1,G4,G5
link_2098,pipe,G1,G4,G4
link_2099,pipe,G1,G5,G4
link_2100,pipe,G0,G1,G1
link_2101,pipe,G1,G4,G4
link_2102,pipe,G0,G0,G0
link_2103,pipe,G0,G1,G0
link_2104,pipe,G0,G1,G0
link_2105,pipe,G0,G0,G0
link_2106,pipe,G0,G1,G0
link_2107,pipe,G0,G1,G0
link_2108,pipe,G0,G0,G0
link_2109,pipe,G1,G4,G4
link_2110,pipe,G0,G1,G0
link_2111,pipe,G1,G4,G4
link_2112,pipe,G1,G4,G4
link_2113,pipe,G1,G4,G5
link_2114,pipe,G1,G4,G5
link_2115,pipe,G1,G4,G4
link_2116,pipe,G1,G4,G4
link_2117,pipe,G0,G1,G1
link_2118,pipe,G0,G2,G3
link_2119,pipe,G0,G0,G0
link_2120,pipe,G0,G0,G1
link_2121,pipe,G0,G0,G0
link_2122,pipe,G1,G4,G4
link_2123,pipe,G1,G4,G4
link_2124,pipe,G1,G4,G5
link_2125,pipe,G1,G4,G5
link_2126,pipe,G0,G0,G0
link_2127,pipe,G0,G3,G2
link_2128,pipe,G1,G4,G4
link_2129,pipe,G1,G4,G4
link_2130,pipe,G0,G3,G2
link_2131,pipe,G0,G0,G0
link_2132,pipe,G1,G4,G4
link_2133,pipe,G1,G4,G4
link_2134,pipe,G1,G4,G4
link_2135,pipe,G0,G3,G3
link_2136,pipe,G0,G3,G3
link_2137,pipe,G0,G1,G0
link_2138,pipe,G0,G2,G2
link_2139,pipe,G1,G4,G4
link_2140,pipe,G1,G4,G5
link_2141,pipe,G0,G0,G0
link_2142,pipe,G0,G0,G0
link_2143,pipe,G0,G1,G0
link_2144,pipe,G0,G1,G0
link_2145,pipe,G1,G4,G5
link_2146,pipe,G1,G4,G5
link_2147,pipe,G0,G0,G1
link_2148,pipe,G1,G5,G4
link_2149,pipe,G1,G5,G5
link_2150,pipe,G1,G4,G4
link_2151,pipe,G1,G4,G5
link_2152,pipe,G0,G0,G0
link_2153,pipe,G0,G1,G0
link_2154,pipe,G1,G4,G5
link_2155,pipe,G1,G4,G5
link_2156,pipe,G1,G4,G4
link_2157,pipe,G1,G4,G4
link_2158,pipe,G1,G4,G4
link_2159,pipe,G1,G4,G4
link_2160,pipe,G1,G4,G4
link_2161,pipe,G1,G4,G4
link_2162,pipe,G1,G4,G4
link_2163,pipe,G1,G4,G4
link_2164,pipe,G1,G4,G4
link_2165,pipe,G1,G5,G5
link_2166,pipe,G1,G5,G5
link_2167,pipe,G1,G4,G5
link_2168,pipe,G1,G4,G4
link_2169,pipe,G0,G1,G0
link_2170,pipe,G1,G4,G4
link_2171,pipe,G1,G5,G4
link_2172,pipe,G1,G4,G4
link_2173,pipe,G1,G5,G5
link_2174,pipe,G1,G5,G5
link_2175,pipe,G1,G5,G5
link_2176,pipe,G1,G4,G4
link_2177,pipe,G1,G4,G4
link_2178,pipe,G1,G4,G4
link_2179,pipe,G1,G5,G4
link_2180,pipe,G1,G4,G4
link_2181,pipe,G1,G5,G4
link_2182,pipe,G1,G4,G4
link_2183,pipe,G0,G0,G0
link_2184,pipe,G0,G0,G0
link_2185,pipe,G1,G4,G4
link_2186,pipe,G1,G4,G4
link_2187,pipe,G1,G4,G4
link_2188,pipe,G1,G4,G4
link_2189,pipe,G1,G5,G4
link_2190,pipe,G1,G4,G4
link_2191,pipe,G1,G4,G4
link_2192,pipe,G1,G4,G4
link_2193,pipe,G1,G4,G5
link_2194,pipe,G1,G4,G5
link_2195,pipe,G1,G4,G5
link_2196,pipe,G1,G4,G5
link_2197,pipe,G1,G4,G5
link_2198,pipe,G1,G4,G4
link_2199,pipe,G1,G4,G4
link_2200,pipe,G1,G4,G4
link_2201,pipe,G1,G4,G4
link_2202,pipe,G1,G4,G4
link_2203,pipe,G1,G4,G4
link_2204,pipe,G1,G4,G4
link_2205,pipe,G1,G5,G5
link_2206,pipe,G1,G5,G5
link_2207,pipe,G1,G5,G5
link_2208,pipe,G1,G4,G5
link_2209,pipe,G1,G4,G4
link_2210,pipe,G0,G3,G3
link_2211,pipe,G0,G3,G3
link_2212,pipe,G1,G4,G4
link_2213,pipe,G1,G4,G4
link_2214,pipe,G1,G4,G4
link_2215,pipe,G0,G1,G1
link_2216,pipe,G1,G5,G4
link_2217,pipe,G1,G4,G4
link_2218,pipe,G0,G1,G1
link_2219,pipe,G0,G1,G1
link_2220,pipe,G0,G1,G1
link_2221,pipe,G0,G1,G1
link_2222,pipe,G0,G1,G1
link_2223,pipe,G0,G1,G1
link_2224,pipe,G1,G4,G4
link_2225,pipe,G1,G5,G5
link_2226,pipe,G1,G5,G5
link_2227,pipe,G1,G5,G5
link_2228,pipe,G1,G5,G5
link_2229,pipe,G1,G4,G5
link_2230,pipe,G1,G4,G5
link_2231,pipe,G1,G5,G4
link_2232,pipe,G1,G5,G4
link_2233,pipe,G1,G5,G4
link_2234,pipe,G1,G5,G4
link_2235,pipe,G1,G5,G4
link_2236,pipe,G1,G5,G4
link_2237,pipe,G1,G5,G4
link_2238,pipe,G1,G5,G4
link_2239,pipe,G1,G5,G4
link_2240,pipe,G1,G4,G5
link_2241,pipe,G1,G5,G5
link_2242,pipe,G1,G4,G5
link_2243,pipe,G1,G5,G4
link_2244,pipe,G1,G4,G4
link_2245,pipe,G1,G5,G4
link_2246,pipe,G1,G4,G5
link_2247,pipe,G1,G4,G4
link_2248,pipe,G1,G4,G4
link_2249,pipe,G1,G5,G5
link_2250,pipe,G1,G4,G5
link_2251,pipe,G1,G5,G5
link_2252,pipe,G1,G5,G5
link_2253,pipe,G1,G5,G5
link_2254,pipe,G1,G5,G4
link_2255,pipe,G1,G4,G5
link_2256,pipe,G1,G4,G5
link_2257,pipe,G1,G4,G5
link_2258,pipe,G1,G5,G5
link_2259,pipe,G1,G5,G5
link_2260,pipe,G1,G5,G5
link_2261,pipe,G1,G4,G4
link_2262,pipe,G1,G5,G4
link_2263,pipe,G1,G5,G4
link_2264,pipe,G1,G4,G5
link_2265,pipe,G1,G4,G5
link_2266,pipe,G1,G5,G5
link_2267,pipe,G1,G5,G5
link_2268,pipe,G1,G5,G4
link_2269,pipe,G1,G5,G4
link_2270,pipe,G1,G4,G4
link_2271,pipe,G1,G4,G4
link_2272,pipe,G1,G5,G4
link_2273,pipe,G1,G4,G4
link_2274,pipe,G1,G4,G4
link_2275,pipe,G1,G4,G4
link_2276,pipe,G1,G4,G4
link_2277,pipe,G1,G4,G4
link_2278,pipe,G1,G4,G4
link_2279,pipe,G0,G1,G1
link_2280,pipe,G0,G1,G1
link_2281,pipe,G1,G4,G4
link_2282,pipe,G1,G4,G4
link_2283,pipe,G1,G4,G4
link_2284,pipe,G1,G4,G4
link_2285,pipe,G1,G4,G4
link_2286,pipe,G1,G4,G4
link_2287,pipe,G1,G4,G4
link_2288,pipe,G1,G4,G4
link_2289,pipe,G1,G4,G4
link_2290,pipe,G1,G5,G5
link_2291,pipe,G1,G4,G5
link_2292,pipe,G1,G4,G5
link_2293,pipe,G1,G4,G5
link_2294,pipe,G1,G5,G5
link_2295,pipe,G1,G4,G5
link_2296,pipe,G1,G4,G4
link_2297,pipe,G1,G4,G4
link_2298,pipe,G0,G3,G2
link_2299,pipe,G0,G3,G2
link_2300,pipe,G0,G3,G2
link_2301,pipe,G0,G2,G2
link_2302,pipe,G0,G3,G2
link_2303,pipe,G0,G3,G2
link_2304,pipe,G0,G3,G2
link_2305,pipe,G0,G2,G3
link_2306,pipe,G0,G2,G3
link_2307,pipe,G0,G2,G3
link_2308,pipe,G0,G2,G3
link_2309,pipe,G0,G2,G3
link_2310,pipe,G0,G2,G3
link_2311,pipe,G0,G2,G3
link_2312,pipe,G0,G2,G3
link_2313,pipe,G0,G2,G3
link_2314,pipe,G0,G2,G3
link_2315,pipe,G0,G2,G3
link_2316,pipe,G0,G2,G3
link_2317,pipe,G0,G2,G3
link_2318,pipe,G0,G3,G3
link_2319,pipe,G0,G3,G3
link_2320,pipe,G0,G2,G3
link_2321,valve,,,
link_2322,valve,,,
link_2323,valve,,,
link_2324,valve,,,
link_2325,valve,,,
link_2326,valve,,,
link_2327,valve,,,
link_2328,valve,,,
link_2329,valve,,,
link_2330,valve,,,
link_2331,valve,,,
link_2332,valve,,,
link_2333,valve,,,
link_2334,valve,,,
link_2335,valve,,,
link_2336,valve,,,
link_2337,valve,,,
link_2338,valve,,,
link_2339,valve,,,
link_2340,valve,,,
link_2341,valve,,,
link_2342,valve,,,
link_2343,valve,,,
link_2344,valve,,,
link_2345,valve,,,
link_2346,valve,,,
link_2347,valve,,,
link_2348,valve,,,
link_2349,valve,,,
link_2350,valve,,,
link_2351,valve,,,
link_2352,valve,,,
link_2353,valve,,,
link_2354,valve,,,
link_2355,valve,,,
link_2356,valve,,,
link_2357,valve,,,
link_2358,valve,,,
link_2359,valve,,,
link_2360,valve,,,
link_2361,valve,,,
link_2362,valve,,,
link_2363,valve,,,
link_2364,valve,,,
link_2365,valve,,,
link_2366,valve,,,
link_2367,valve,,,
link_2368,valve,,,
link_2369,valve,,,
link_2370,valve,,,
link_2371,valve,,,
link_2372,valve,,,
link_2373,valve,,,
link_2374,valve,,,
link_2375,valve,,,
link_2376,valve,,,
link_2377,valve,,,
link_2378,valve,,,
link_2379,valve,,,
link_2380,valve,,,
link_2381,valve,,,
link_2382,valve,,,
link_2383,valve,,,
link_2384,valve,,,
link_2385,valve,,,
link_2386,valve,,,
link_2387,valve,,,
link_2388,valve,,,
link_2389,valve,,,
link_2390,valve,,,
link_2391,valve,,,
link_2392,valve,,,
link_2393,valve,,,
link_2394,valve,,,
link_2395,valve,,,
link_2396,valve,,,
link_2397,valve,,,
link_2398,valve,,,
link_2399,valve,,,
link_2400,valve,,,
link_2401,valve,,,
link_2402,valve,,,
link_2403,valve,,,
link_2404,valve,,,
link_2405,valve,,,
link_2406,valve,,,
link_2407,valve,,,
link_2408,valve,,,
link_2409,valve,,,
link_2410,valve,,,
link_2411,valve,,,
link_2412,valve,,,
link_2413,valve,,,
link_2414,valve,,,
link_2415,valve,,,
link_2416,valve,,,
link_2417,valve,,,
link_2418,valve,,,
link_2419,valve,,,
link_2420,valve,,,
link_2421,valve,,,
link_2422,valve,,,
link_2423,valve,,,
link_2424,valve,,,
link_2425,valve,,,
link_2426,valve,,,
link_2427,valve,,,
link_2428,valve,,,
link_2429,valve,,,
link_2430,valve,,,
link_2431,valve,,,
link_2432,valve,,,
link_2433,valve,,,
link_2434,valve,,,
link_2435,valve,,,
link_2436,valve,,,
link_2437,valve,,,
link_2438,valve,,,
link_2439,valve,,,
link_2440,valve,,,
link_2441,valve,,,
link_2442,valve,,,
link_2443,valve,,,
link_2444,valve,,,
link_2445,valve,,,
link_2446,valve,,,
link_2447,valve,,,
link_2448,valve,,,
link_2449,valve,,,
link_2450,valve,,,
link_2451,valve,,,
link_2452,valve,,,
link_2453,valve,,,
link_2454,valve,,,
link_2455,valve,,,
link_2456,valve,,,
link_2457,valve,,,
link_2458,valve,,,
link_2459,valve,,,
link_2460,valve,,,
link_2461,valve,,,
link_2462,valve,,,
link_2463,valve,,,
link_2464,valve,,,
link_2465,valve,,,
link_2466,valve,,,
link_2467,valve,,,
link_2468,valve,,,
link_2469,valve,,,
link_2470,valve,,,
link_2471,valve,,,
link_2472,valve,,,
link_2473,valve,,,
link_2474,valve,,,
link_2475,valve,,,
link_2476,valve,,,
link_2477,valve,,,
link_2478,valve,,,
link_2479,valve,,,
link_2480,valve,,,
link_2481,valve,,,
link_2482,valve,,,
link_2483,valve,,,
link_2484,valve,,,
link_2485,valve,,,
link_2486,valve,,,
link_2487,valve,,,
link_2488,valve,,,
link_2489,valve,,,
link_2490,valve,,,
link_2491,valve,,,
link_2492,valve,,,
link_2493,valve,,,
link_2494,valve,,,
link_2495,valve,,,
link_2496,valve,,,
link_2497,valve,,,
link_2498,valve,,,
link_2499,valve,,,
link_2500,valve,,,
link_2501,valve,,,
link_2502,valve,,,
link_2503,valve,,,
link_2504,valve,,,
link_2505,valve,,,
link_2506,valve,,,
link_2507,valve,,,
link_2508,valve,,,
link_2509,valve,,,
link_2510,valve,,,
link_2511,valve,,,
link_2512,valve,,,
link_2513,valve,,,
link_2514,valve,,,
link_2515,valve,,,
link_2516,valve,,,
link_2517,valve,,,
link_2518,valve,,,
link_2519,valve,,,
link_2520,valve,,,
link_2521,valve,,,
link_2522,valve,,,
link_2523,valve,,,
link_2524,valve,,,
link_2525,valve,,,
link_2526,valve,,,
link_2527,valve,,,
link_2528,valve,,,
link_2529,valve,,,
link_2530,valve,,,
link_2531,valve,,,
link_2532,valve,,,
link_2533,valve,,,
link_2534,valve,,,
link_2535,valve,,,
link_2536,valve,,,
link_2537,valve,,,
link_2538,valve,,,
link_2539,valve,,,
link_2540,valve,,,
link_2541,valve,,,
link_2542,valve,,,
link_2543,valve,,,
link_2544,valve,,,
link_2545,valve,,,
link_2546,valve,,,
link_2547,valve,,,
link_2548,valve,,,
link_2549,valve,,,
link_2550,valve,,,
link_2551,valve,,,
link_2552,valve,,,
link_2553,valve,,,
link_2554,valve,,,
link_2555,valve,,,
link_2556,valve,,,
link_2557,valve,,,
link_2558,valve,,,
link_2559,valve,,,
link_2560,valve,,,
link_2561,valve,,,
link_2562,valve,,,
link_2563,valve,,,
link_2564,valve,,,
link_2565,valve,,,
link_2566,valve,,,
link_2567,valve,,,
link_2568,valve,,,
link_2569,valve,,,
link_2570,valve,,,
link_2571,valve,,,
link_2572,valve,,,
link_2573,valve,,,
link_2574,valve,,,
link_2575,valve,,,
link_2576,valve,,,
link_2577,valve,,,
link_2578,valve,,,
link_2579,valve,,,
link_2580,valve,,,
link_2581,valve,,,
link_2582,valve,,,
link_2583,valve,,,
link_2584,valve,,,
link_2585,valve,,,
link_2586,valve,,,
link_2587,valve,,,
link_2588,valve,,,
link_2589,valve,,,
link_2590,valve,,,
link_2591,valve,,,
link_2592,valve,,,
link_2593,valve,,,
link_2594,valve,,,
link_2595,valve,,,
link_2596,valve,,,
link_2597,valve,,,
link_2598,valve,,,
link_2599,valve,,,
link_2600,valve,,,
link_2601,valve,,,
link_2602,valve,,,
link_2603,valve,,,
link_2604,valve,,,
link_2605,valve,,,
link_2606,valve,,,
link_2607,valve,,,
link_2608,valve,,,
link_2609,valve,,,
link_2610,valve,,,
link_2611,valve,,,
link_2612,valve,,,
link_2613,valve,,,
link_2614,valve,,,
link_2615,valve,,,
link_2616,valve,,,
link_2617,valve,,,
link_2618,valve,,,
link_2619,valve,,,
link_2620,valve,,,
link_2621,valve,,,
link_2622,valve,,,
link_2623,valve,,,
link_2624,valve,,,
link_2625,valve,,,
link_2626,valve,,,
link_2627,valve,,,
link_2628,valve,,,
link_2629,valve,,,
link_2630,valve,,,
link_2631,valve,,,
link_2632,valve,,,
link_2633,valve,,,
link_2634,valve,,,
link_2635,valve,,,
link_2636,valve,,,
link_2637,valve,,,
link_2638,valve,,,
link_2639,valve,,,
link_2640,valve,,,
link_2641,valve,,,
link_2642,valve,,,
link_2643,valve,,,
link_2644,valve,,,
link_2645,valve,,,
link_2646,valve,,,
link_2647,valve,,,
link_2648,valve,,,
link_2649,valve,,,
link_2650,valve,,,
link_2651,valve,,,
link_2652,valve,,,
link_2653,valve,,,
link_2654,valve,,,
link_2655,valve,,,
link_2656,valve,,,
link_2657,valve,,,
link_2658,valve,,,
link_2659,valve,,,
link_2660,valve,,,
link_2661,valve,,,
link_2662,valve,,,
link_2663,valve,,,
link_2664,valve,,,
link_2665,valve,,,
link_2666,valve,,,
link_2667,valve,,,
link_2668,valve,,,
link_2669,valve,,,
link_2670,valve,,,
link_2671,valve,,,
link_2672,valve,,,
link_2673,valve,,,
link_2674,valve,,,
link_2675,valve,,,
link_2676,valve,,,
link_2677,valve,,,
link_2678,valve,,,
link_2679,valve,,,
link_2680,valve,,,
link_2681,valve,,,
link_2682,valve,,,
link_2683,valve,,,
link_2684,valve,,,
link_2685,valve,,,
link_2686,valve,,,
link_2687,valve,,,
link_2688,valve,,,
link_2689,valve,,,
link_2690,valve,,,
link_2691,valve,,,
link_2692,valve,,,
link_2693,valve,,,
link_2694,valve,,,
link_2695,valve,,,
link_2696,valve,,,
link_2697,valve,,,
link_2698,valve,,,
link_2699,valve,,,
link_2700,valve,,,
link_2701,valve,,,
link_2702,valve,,,
link_2703,valve,,,
link_2704,valve,,,
link_2705,valve,,,
link_2706,valve,,,
link_2707,valve,,,
link_2708,valve,,,
link_2709,valve,,,
link_2710,valve,,,
link_2711,valve,,,
link_2712,valve,,,
link_2713,valve,,,
link_2714,valve,,,
link_2715,valve,,,
link_2716,valve,,,
link_2717,valve,,,
link_2718,valve,,,
link_2719,valve,,,
link_2720,valve,,,
link_2721,valve,,,
link_2722,valve,,,
link_2723,valve,,,
link_2724,valve,,,
link_2725,valve,,,
link_2726,valve,,,
link_2727,valve,,,
link_2728,valve,,,
link_2729,valve,,,
link_2730,valve,,,
link_2731,valve,,,
link_2732,valve,,,
link_2733,valve,,,
link_2734,valve,,,
link_2735,valve,,,
link_2736,valve,,,
link_2737,valve,,,
link_2738,valve,,,
link_2739,valve,,,
link_2740,valve,,,
link_2741,valve,,,
link_2742,valve,,,
link_2743,valve,,,
link_2744,valve,,,
link_2745,valve,,,
link_2746,valve,,,
link_2747,valve,,,
link_2748,valve,,,
link_2749,valve,,,
link_2750,valve,,,
link_2751,valve,,,
link_2752,valve,,,
link_2753,valve,,,
link_2754,valve,,,
link_2755,valve,,,
link_2756,valve,,,
link_2757,valve,,,
link_2758,valve,,,
link_2759,valve,,,
link_2760,valve,,,
link_2761,valve,,,
link_2762,valve,,,
link_2763,valve,,,
link_2764,valve,,,
link_2765,valve,,,
link_2766,valve,,,
link_2767,valve,,,
link_2768,valve,,,
link_2769,valve,,,
link_2770,valve,,,
link_2771,valve,,,
link_2772,valve,,,
link_2773,valve,,,
link_2774,valve,,,
link_2775,valve,,,
link_2776,valve,,,
link_2777,valve,,,
link_2778,valve,,,
link_2779,valve,,,
link_2780,valve,,,
link_2781,valve,,,
link_2782,valve,,,
link_2783,valve,,,
link_2784,valve,,,
link_2785,valve,,,
link_2786,valve,,,
link_2787,valve,,,
link_2788,valve,,,
link_2789,valve,,,
link_2790,valve,,,
link_2791,valve,,,
link_2792,valve,,,
link_2793,valve,,,
link_2794,valve,,,
link_2795,valve,,,
link_2796,valve,,,
link_2797,valve,,,
link_2798,valve,,,
link_2799,valve,,,
link_2800,valve,,,
link_2801,valve,,,
link_2802,valve,,,
link_2803,valve,,,
link_2804,valve,,,
link_2805,valve,,,
link_2806,valve,,,
link_2807,valve,,,
link_2808,valve,,,
link_2809,valve,,,
link_2810,valve,,,
link_2811,valve,,,
link_2812,valve,,,
link_2813,valve,,,
link_2814,valve,,,
link_2815,valve,,,
link_2816,valve,,,
link_2817,valve,,,
link_2818,valve,,,
link_2819,valve,,,
link_2820,valve,,,
link_2821,valve,,,
link_2822,valve,,,
link_2823,valve,,,
link_2824,valve,,,
link_2825,valve,,,
link_2826,valve,,,
link_2827,valve,,,
link_2828,valve,,,
link_2829,valve,,,
link_2830,valve,,,
link_2831,valve,,,
link_2832,valve,,,
link_2833,valve,,,
link_2834,valve,,,
link_2835,valve,,,
link_2836,valve,,,
link_2837,valve,,,
link_2838,valve,,,
link_2839,valve,,,
link_2840,valve,,,
link_2841,valve,,,
link_2842,valve,,,
link_2843,valve,,,
link_2844,valve,,,
link_2845,valve,,,
link_2846,valve,,,
link_2847,valve,,,
link_2848,valve,,,
link_2849,valve,,,
link_2850,valve,,,
link_2851,valve,,,
link_2852,valve,,,
link_2853,valve,,,
link_2854,valve,,,
link_2855,valve,,,
link_2856,valve,,,
link_2857,valve,,,
link_2858,valve,,,
link_2859,valve,,,
link_2860,valve,,,
link_2861,valve,,,
link_2862,valve,,,
link_2863,valve,,,
link_2864,valve,,,
link_2865,valve,,,
link_2866,valve,,,
link_2867,valve,,,
link_2868,valve,,,
link_2869,valve,,,
link_2870,valve,,,
link_2871,valve,,,
link_2872,valve,,,
link_2873,valve,,,
link_2874,valve,,,
link_2875,valve,,,
link_2876,valve,,,
link_2877,valve,,,
link_2878,valve,,,
link_2879,valve,,,
link_2880,valve,,,
link_2881,valve,,,
link_2882,valve,,,
link_2883,valve,,,
link_2884,valve,,,
link_2885,valve,,,
link_2886,valve,,,
link_2887,valve,,,
link_2888,valve,,,
link_2889,valve,,,
link_2890,valve,,,
link_2891,valve,,,
link_2892,valve,,,
link_2893,valve,,,
link_2894,valve,,,
link_2895,valve,,,
link_2896,valve,,,
link_2897,valve,,,
link_2898,valve,,,
link_2899,valve,,,
link_2900,valve,,,
link_2901,valve,,,
link_2902,valve,,,
link_2903,valve,,,
link_2904,valve,,,
link_2905,valve,,,
link_2906,valve,,,
link_2907,valve,,,
link_2908,valve,,,
link_2909,valve,,,
link_2910,valve,,,
link_2911,valve,,,
link_2912,valve,,,
link_2913,valve,,,
link_2914,valve,,,
link_2915,valve,,,
link_2916,valve,,,
link_2917,valve,,,
link_2918,valve,,,
link_2919,valve,,,
link_2920,valve,,,
link_2921,valve,,,
link_2922,valve,,,
link_2923,valve,,,
link_2924,valve,,,
link_2925,valve,,,
link_2926,valve,,,
link_2927,valve,,,
link_2928,valve,,,
link_2929,valve,,,
link_2930,valve,,,
link_2931,valve,,,
link_2932,valve,,,
link_2933,valve,,,
link_2934,valve,,,
